id,target,nn1_agreement,nn3_agreement,nn5_agreement,nn10_agreement
0,3,1,0.3333333333333333,0.4,0.3
1,1,1,0.6666666666666666,0.8,0.7
2,3,1,0.3333333333333333,0.2,0.3
3,1,0,0.3333333333333333,0.6,0.4
4,3,1,0.6666666666666666,0.8,0.7
5,1,1,0.3333333333333333,0.2,0.1
6,1,1,0.3333333333333333,0.2,0.2
7,0,0,0.6666666666666666,0.6,0.4
8,1,0,0.0,0.2,0.3
9,2,0,0.3333333333333333,0.6,0.5
10,3,1,1.0,0.8,0.8
11,2,0,0.0,0.0,0.3
12,1,0,0.3333333333333333,0.4,0.3
13,2,0,0.0,0.2,0.3
14,2,0,0.0,0.2,0.3
15,1,0,0.3333333333333333,0.2,0.1
16,3,0,0.0,0.2,0.2
17,3,0,0.3333333333333333,0.2,0.2
18,3,1,0.6666666666666666,0.4,0.4
19,2,0,0.3333333333333333,0.2,0.4
20,0,0,0.6666666666666666,0.4,0.3
21,0,0,0.0,0.2,0.1
22,3,1,0.6666666666666666,0.6,0.5
23,0,0,0.3333333333333333,0.2,0.3
24,0,0,0.0,0.2,0.3
25,1,1,0.6666666666666666,0.6,0.5
26,3,1,1.0,1.0,0.8
27,0,0,0.6666666666666666,0.4,0.4
28,0,0,0.3333333333333333,0.2,0.4
29,1,1,1.0,1.0,0.8
30,0,0,0.3333333333333333,0.4,0.4
31,0,0,0.3333333333333333,0.4,0.6
32,1,1,0.3333333333333333,0.4,0.3
33,2,0,0.0,0.2,0.1
34,2,0,0.3333333333333333,0.2,0.2
35,3,1,0.6666666666666666,0.4,0.2
36,1,0,0.0,0.0,0.0
37,2,1,0.6666666666666666,0.6,0.5
38,3,0,0.0,0.2,0.2
39,3,1,0.6666666666666666,0.6,0.7
40,1,0,0.3333333333333333,0.2,0.2
41,0,0,0.6666666666666666,0.6,0.4
42,2,1,0.6666666666666666,0.4,0.3
43,2,0,0.3333333333333333,0.2,0.1
44,2,0,0.3333333333333333,0.4,0.2
45,2,1,0.6666666666666666,0.4,0.4
46,1,0,0.3333333333333333,0.2,0.2
47,1,0,0.3333333333333333,0.2,0.2
48,2,0,0.3333333333333333,0.2,0.2
49,2,1,0.6666666666666666,0.8,0.8
50,0,1,0.6666666666666666,0.8,0.5
51,2,0,0.0,0.0,0.2
52,0,1,0.3333333333333333,0.4,0.3
53,2,1,0.6666666666666666,0.6,0.4
54,2,0,0.0,0.0,0.1
55,1,1,0.3333333333333333,0.4,0.3
56,0,0,0.3333333333333333,0.4,0.5
57,3,0,0.0,0.0,0.0
58,2,0,0.3333333333333333,0.2,0.2
59,2,1,0.3333333333333333,0.2,0.2
60,2,0,0.3333333333333333,0.4,0.2
61,3,0,0.3333333333333333,0.2,0.2
62,2,0,0.6666666666666666,0.4,0.4
63,1,1,0.3333333333333333,0.4,0.3
64,2,1,1.0,0.6,0.6
65,1,0,0.0,0.2,0.3
66,1,0,0.3333333333333333,0.2,0.2
67,3,1,0.3333333333333333,0.2,0.4
68,0,0,0.3333333333333333,0.2,0.4
69,2,1,1.0,0.8,0.5
70,3,0,0.6666666666666666,0.4,0.4
71,3,0,0.0,0.0,0.0
72,3,1,0.6666666666666666,0.6,0.4
73,0,1,1.0,1.0,0.5
74,1,0,0.3333333333333333,0.2,0.3
75,2,0,0.3333333333333333,0.4,0.2
76,1,0,0.0,0.2,0.2
77,1,0,0.0,0.0,0.1
78,0,1,0.3333333333333333,0.6,0.6
79,3,0,0.3333333333333333,0.2,0.1
80,1,0,0.3333333333333333,0.2,0.4
81,2,0,0.0,0.2,0.2
82,0,0,0.3333333333333333,0.4,0.7
83,3,1,1.0,0.8,0.5
84,3,1,0.6666666666666666,0.4,0.4
85,2,0,0.0,0.0,0.0
86,0,1,0.6666666666666666,0.6,0.4
87,0,1,0.6666666666666666,0.4,0.3
88,3,1,1.0,1.0,0.9
89,2,1,0.6666666666666666,0.6,0.5
90,2,0,0.0,0.2,0.1
91,1,0,0.0,0.2,0.4
92,0,1,0.6666666666666666,0.8,0.5
93,3,1,1.0,1.0,0.8
94,0,0,0.0,0.0,0.0
95,0,0,0.3333333333333333,0.2,0.3
96,1,0,0.3333333333333333,0.2,0.2
97,2,0,0.0,0.0,0.1
98,2,0,0.3333333333333333,0.2,0.3
99,0,0,0.3333333333333333,0.4,0.3
100,0,1,1.0,0.8,0.6
101,2,0,0.0,0.0,0.1
102,2,0,0.0,0.2,0.4
103,0,0,0.6666666666666666,0.4,0.5
104,1,0,0.0,0.2,0.3
105,0,0,0.0,0.0,0.1
106,1,0,0.3333333333333333,0.2,0.4
107,2,1,0.6666666666666666,0.4,0.4
108,0,0,0.3333333333333333,0.4,0.4
109,3,1,0.3333333333333333,0.2,0.1
110,3,0,0.3333333333333333,0.2,0.2
111,0,1,0.3333333333333333,0.2,0.4
112,2,0,0.0,0.0,0.0
113,0,1,0.6666666666666666,0.8,0.8
114,1,0,0.0,0.0,0.2
115,3,1,0.6666666666666666,0.6,0.4
116,1,0,0.3333333333333333,0.4,0.3
117,0,0,0.3333333333333333,0.4,0.2
118,3,1,0.6666666666666666,0.4,0.6
119,3,1,0.6666666666666666,0.6,0.3
120,2,0,0.0,0.0,0.1
121,0,0,0.0,0.0,0.0
122,2,0,0.3333333333333333,0.2,0.3
123,1,0,0.0,0.0,0.1
124,2,0,0.0,0.4,0.6
125,0,0,0.6666666666666666,0.4,0.3
126,1,0,0.0,0.2,0.3
127,0,0,0.3333333333333333,0.4,0.4
128,1,0,0.0,0.2,0.3
129,0,0,0.3333333333333333,0.2,0.4
130,2,0,0.6666666666666666,0.6,0.4
131,1,0,0.3333333333333333,0.2,0.3
132,3,1,0.3333333333333333,0.6,0.7
133,0,0,0.0,0.2,0.1
134,3,0,0.0,0.4,0.4
135,1,1,0.6666666666666666,0.4,0.4
136,2,1,0.3333333333333333,0.2,0.1
137,1,0,0.0,0.0,0.2
138,3,0,0.3333333333333333,0.2,0.3
139,3,0,0.3333333333333333,0.4,0.5
140,1,0,0.0,0.2,0.1
141,0,1,0.6666666666666666,0.8,0.5
142,3,1,0.6666666666666666,0.6,0.5
143,0,1,0.3333333333333333,0.4,0.5
144,3,1,0.6666666666666666,0.6,0.7
145,2,0,0.3333333333333333,0.2,0.1
146,0,1,0.3333333333333333,0.4,0.3
147,2,0,0.0,0.0,0.0
148,2,0,0.0,0.2,0.2
149,3,1,1.0,0.8,0.8
150,0,0,0.0,0.0,0.0
151,1,0,0.0,0.4,0.4
152,2,0,0.0,0.2,0.2
153,1,0,0.3333333333333333,0.6,0.4
154,2,0,0.0,0.2,0.2
155,0,1,1.0,0.6,0.7
156,3,1,0.6666666666666666,0.8,0.6
157,2,0,0.6666666666666666,0.6,0.4
158,2,1,0.3333333333333333,0.4,0.5
159,1,0,0.3333333333333333,0.2,0.3
160,2,0,0.0,0.0,0.0
161,3,1,0.6666666666666666,0.8,0.5
162,2,0,0.3333333333333333,0.2,0.2
163,2,0,0.6666666666666666,0.6,0.3
164,2,0,0.3333333333333333,0.6,0.4
165,0,0,0.0,0.0,0.3
166,1,0,0.0,0.2,0.1
167,1,1,0.6666666666666666,0.4,0.4
168,0,0,0.3333333333333333,0.6,0.3
169,0,1,0.6666666666666666,0.6,0.5
170,2,1,0.3333333333333333,0.4,0.2
171,1,0,0.0,0.0,0.0
172,3,1,0.6666666666666666,0.4,0.7
173,3,1,0.6666666666666666,0.4,0.4
174,1,0,0.0,0.0,0.1
175,2,0,0.0,0.0,0.0
176,0,0,0.0,0.0,0.0
177,2,1,0.6666666666666666,0.6,0.4
178,3,1,0.3333333333333333,0.2,0.2
179,3,1,0.6666666666666666,0.6,0.5
180,0,1,0.6666666666666666,0.6,0.5
181,3,1,1.0,0.8,0.8
182,1,0,0.3333333333333333,0.4,0.3
183,0,0,0.0,0.2,0.5
184,2,0,0.0,0.2,0.2
185,3,1,1.0,0.8,0.8
186,3,1,0.6666666666666666,0.8,0.7
187,1,0,0.3333333333333333,0.2,0.3
188,1,0,0.3333333333333333,0.2,0.3
189,0,0,0.0,0.2,0.2
190,3,0,0.6666666666666666,0.6,0.5
191,3,1,1.0,0.6,0.5
192,1,0,0.3333333333333333,0.2,0.2
193,1,1,1.0,0.6,0.6
194,0,0,0.3333333333333333,0.6,0.8
195,2,0,0.3333333333333333,0.2,0.2
196,2,0,0.0,0.0,0.2
197,2,0,0.3333333333333333,0.6,0.5
198,3,1,1.0,1.0,1.0
199,0,0,0.0,0.0,0.3
200,2,0,0.3333333333333333,0.2,0.4
201,2,0,0.3333333333333333,0.6,0.4
202,1,0,0.0,0.0,0.1
203,0,0,0.3333333333333333,0.2,0.2
204,1,1,0.3333333333333333,0.2,0.2
205,3,0,0.3333333333333333,0.6,0.8
206,3,0,0.3333333333333333,0.4,0.6
207,2,1,0.3333333333333333,0.4,0.3
208,0,1,0.3333333333333333,0.2,0.1
209,3,1,0.6666666666666666,0.4,0.2
210,0,1,0.6666666666666666,0.6,0.7
211,1,1,0.6666666666666666,0.6,0.4
212,0,0,0.0,0.2,0.3
213,2,0,0.6666666666666666,0.4,0.3
214,2,0,0.3333333333333333,0.2,0.3
215,1,0,0.3333333333333333,0.4,0.5
216,0,1,1.0,0.8,0.7
217,0,0,0.0,0.0,0.1
218,0,0,0.6666666666666666,0.4,0.4
219,2,0,0.3333333333333333,0.4,0.3
220,0,0,0.3333333333333333,0.2,0.2
221,3,1,0.6666666666666666,0.4,0.2
222,3,0,0.0,0.0,0.0
223,0,0,0.3333333333333333,0.6,0.5
224,0,0,0.6666666666666666,0.6,0.7
225,0,1,0.3333333333333333,0.4,0.4
226,1,0,0.3333333333333333,0.6,0.5
227,2,1,0.3333333333333333,0.4,0.4
228,2,1,0.6666666666666666,0.6,0.5
229,1,0,0.0,0.4,0.4
230,0,0,0.0,0.0,0.0
231,3,1,0.6666666666666666,0.4,0.3
232,3,1,0.6666666666666666,0.4,0.3
233,3,1,0.6666666666666666,0.8,0.6
234,2,0,0.3333333333333333,0.2,0.2
235,1,0,0.3333333333333333,0.4,0.3
236,1,1,0.6666666666666666,0.6,0.4
237,1,0,0.0,0.2,0.4
238,1,0,0.0,0.2,0.1
239,0,0,0.3333333333333333,0.2,0.3
240,2,0,0.0,0.4,0.3
241,0,1,0.6666666666666666,0.4,0.4
242,1,0,0.0,0.2,0.5
243,3,1,0.6666666666666666,0.8,0.7
244,3,0,0.0,0.0,0.1
245,2,1,0.3333333333333333,0.4,0.5
246,0,0,0.3333333333333333,0.2,0.4
247,0,0,0.3333333333333333,0.2,0.1
248,0,0,0.0,0.0,0.2
249,3,0,0.3333333333333333,0.2,0.1
250,2,1,1.0,0.6,0.6
251,2,1,0.6666666666666666,0.4,0.2
252,3,0,0.0,0.2,0.1
253,2,0,0.3333333333333333,0.4,0.3
254,0,1,1.0,0.8,0.7
255,0,0,0.6666666666666666,0.8,0.6
256,1,0,0.3333333333333333,0.4,0.2
257,2,0,0.0,0.0,0.0
258,0,1,0.6666666666666666,0.6,0.3
259,3,0,0.3333333333333333,0.2,0.2
260,3,1,0.3333333333333333,0.2,0.1
261,0,1,1.0,0.8,0.7
262,2,0,0.3333333333333333,0.2,0.2
263,1,0,0.0,0.2,0.4
264,2,0,0.3333333333333333,0.2,0.2
265,0,0,0.3333333333333333,0.2,0.4
266,2,0,0.0,0.0,0.2
267,3,0,0.6666666666666666,0.8,0.7
268,1,1,0.3333333333333333,0.6,0.3
269,1,0,0.3333333333333333,0.4,0.5
270,2,1,0.6666666666666666,0.4,0.3
271,0,0,0.0,0.2,0.2
272,1,0,0.3333333333333333,0.4,0.4
273,0,0,0.3333333333333333,0.2,0.2
274,3,0,0.0,0.2,0.1
275,2,1,0.3333333333333333,0.4,0.5
276,3,0,0.0,0.4,0.3
277,3,1,0.6666666666666666,0.8,0.7
278,3,1,0.3333333333333333,0.6,0.7
279,1,0,0.0,0.2,0.3
280,2,0,0.3333333333333333,0.2,0.2
281,3,0,0.6666666666666666,0.8,0.8
282,2,1,0.6666666666666666,0.6,0.3
283,0,1,0.6666666666666666,0.4,0.5
284,1,0,0.3333333333333333,0.4,0.3
285,1,1,0.3333333333333333,0.4,0.2
286,3,1,0.6666666666666666,0.6,0.6
287,3,1,0.6666666666666666,0.6,0.7
288,2,1,0.6666666666666666,0.6,0.3
289,3,1,1.0,0.8,0.8
290,0,0,0.3333333333333333,0.2,0.2
291,2,0,0.0,0.2,0.4
292,3,0,0.3333333333333333,0.2,0.3
293,2,0,0.3333333333333333,0.2,0.2
294,3,0,0.3333333333333333,0.2,0.2
295,2,0,0.3333333333333333,0.2,0.3
296,3,0,0.3333333333333333,0.6,0.6
297,1,0,0.0,0.2,0.3
298,0,1,1.0,1.0,0.8
299,2,0,0.0,0.0,0.2
300,2,1,0.3333333333333333,0.4,0.4
301,0,1,0.6666666666666666,0.6,0.7
302,3,0,0.6666666666666666,0.4,0.4
303,3,0,0.6666666666666666,0.4,0.3
304,0,1,0.3333333333333333,0.4,0.6
305,2,1,0.6666666666666666,0.6,0.6
306,1,0,0.3333333333333333,0.2,0.3
307,0,0,0.3333333333333333,0.2,0.3
308,0,0,0.3333333333333333,0.4,0.6
309,0,0,0.0,0.4,0.3
310,3,0,0.3333333333333333,0.4,0.3
311,1,0,0.3333333333333333,0.4,0.5
312,3,0,0.3333333333333333,0.6,0.8
313,0,1,0.3333333333333333,0.2,0.4
314,0,0,0.0,0.0,0.3
315,3,0,0.0,0.2,0.4
316,3,1,0.6666666666666666,0.6,0.8
317,2,0,0.0,0.0,0.2
318,1,0,0.6666666666666666,0.4,0.4
319,3,1,1.0,1.0,0.9
320,2,0,0.3333333333333333,0.2,0.2
321,0,0,0.3333333333333333,0.4,0.3
322,2,0,0.3333333333333333,0.4,0.2
323,0,0,0.0,0.0,0.2
324,0,0,0.0,0.2,0.2
325,3,0,0.0,0.0,0.0
326,3,1,0.3333333333333333,0.2,0.2
327,3,0,0.3333333333333333,0.4,0.4
328,3,0,0.3333333333333333,0.4,0.4
329,0,1,0.6666666666666666,0.6,0.6
330,2,0,0.3333333333333333,0.4,0.3
331,1,1,0.3333333333333333,0.4,0.4
332,3,0,0.3333333333333333,0.4,0.5
333,3,0,0.0,0.2,0.2
334,1,0,0.3333333333333333,0.4,0.5
335,3,1,0.3333333333333333,0.2,0.3
336,2,0,0.3333333333333333,0.4,0.4
337,0,0,0.0,0.2,0.4
338,1,0,0.0,0.0,0.0
339,3,0,0.0,0.4,0.6
340,0,0,0.6666666666666666,0.8,0.5
341,2,1,0.6666666666666666,0.4,0.4
342,1,0,0.0,0.0,0.3
343,1,1,0.6666666666666666,0.4,0.5
344,3,0,0.0,0.2,0.2
345,1,0,0.3333333333333333,0.2,0.1
346,0,0,0.3333333333333333,0.4,0.2
347,0,1,1.0,1.0,0.7
348,1,0,0.3333333333333333,0.4,0.3
349,3,1,0.6666666666666666,0.4,0.3
350,2,1,0.3333333333333333,0.4,0.3
351,3,1,0.6666666666666666,0.4,0.3
352,2,0,0.3333333333333333,0.2,0.1
353,1,0,0.0,0.0,0.0
354,2,1,0.3333333333333333,0.2,0.2
355,0,0,0.0,0.0,0.1
356,3,1,1.0,1.0,0.7
357,2,0,0.3333333333333333,0.4,0.3
358,0,0,0.3333333333333333,0.2,0.2
359,0,1,1.0,0.8,0.6
360,2,1,0.3333333333333333,0.2,0.3
361,3,1,0.3333333333333333,0.6,0.6
362,3,0,0.0,0.0,0.0
363,0,0,0.3333333333333333,0.4,0.3
364,1,0,0.0,0.0,0.1
365,0,0,0.0,0.0,0.1
366,1,1,0.6666666666666666,0.4,0.4
367,1,0,0.0,0.2,0.4
368,1,0,0.3333333333333333,0.2,0.3
369,2,0,0.3333333333333333,0.4,0.4
370,1,0,0.3333333333333333,0.2,0.2
371,1,0,0.3333333333333333,0.4,0.4
372,2,0,0.0,0.4,0.2
373,3,1,0.6666666666666666,0.6,0.4
374,2,1,0.3333333333333333,0.4,0.5
375,0,0,0.0,0.4,0.3
376,0,0,0.3333333333333333,0.4,0.5
377,2,1,0.3333333333333333,0.4,0.4
378,1,0,0.0,0.2,0.1
379,3,0,0.6666666666666666,0.8,0.8
380,3,0,0.0,0.2,0.4
381,2,0,0.3333333333333333,0.4,0.4
382,2,0,0.0,0.2,0.2
383,1,0,0.3333333333333333,0.2,0.4
384,2,0,0.6666666666666666,0.6,0.5
385,3,0,0.0,0.0,0.2
386,3,1,1.0,0.8,0.4
387,0,1,0.6666666666666666,0.6,0.6
388,0,1,0.3333333333333333,0.2,0.5
389,1,0,0.0,0.2,0.2
390,2,0,0.3333333333333333,0.2,0.4
391,1,0,0.3333333333333333,0.4,0.4
392,2,0,0.0,0.2,0.2
393,0,0,0.3333333333333333,0.4,0.3
394,1,1,0.6666666666666666,0.6,0.5
395,0,0,0.0,0.2,0.2
396,0,0,0.0,0.0,0.0
397,1,0,0.3333333333333333,0.2,0.4
398,1,0,0.3333333333333333,0.2,0.1
399,0,0,0.3333333333333333,0.6,0.5
400,0,1,0.6666666666666666,0.6,0.7
401,3,0,0.3333333333333333,0.4,0.3
402,3,1,0.3333333333333333,0.4,0.4
403,3,0,0.3333333333333333,0.2,0.2
404,3,0,0.0,0.0,0.2
405,2,0,0.3333333333333333,0.4,0.5
406,2,0,0.0,0.0,0.2
407,0,1,1.0,0.8,0.5
408,0,1,0.3333333333333333,0.6,0.5
409,2,0,0.3333333333333333,0.4,0.5
410,3,1,0.6666666666666666,0.8,0.8
411,0,0,0.3333333333333333,0.6,0.5
412,2,0,0.0,0.0,0.0
413,0,1,0.6666666666666666,0.6,0.4
414,0,0,0.0,0.2,0.3
415,3,1,0.6666666666666666,0.6,0.7
416,0,1,0.6666666666666666,0.8,0.5
417,1,0,0.6666666666666666,0.4,0.4
418,0,0,0.0,0.4,0.5
419,3,0,0.3333333333333333,0.2,0.3
420,0,0,0.0,0.0,0.0
421,1,0,0.6666666666666666,0.6,0.4
422,3,0,0.0,0.4,0.4
423,0,0,0.3333333333333333,0.4,0.5
424,2,0,0.0,0.2,0.1
425,0,0,0.0,0.0,0.1
426,1,0,0.0,0.0,0.4
427,1,1,0.6666666666666666,0.4,0.4
428,2,0,0.0,0.0,0.1
429,0,1,0.6666666666666666,0.8,0.7
430,2,1,0.3333333333333333,0.4,0.3
431,1,0,0.3333333333333333,0.2,0.1
432,0,0,0.0,0.0,0.0
433,0,0,0.0,0.2,0.1
434,1,0,0.0,0.2,0.3
435,3,0,0.0,0.0,0.1
436,3,0,0.0,0.2,0.2
437,3,1,1.0,0.8,0.5
438,0,1,0.3333333333333333,0.4,0.4
439,0,0,0.3333333333333333,0.4,0.4
440,1,0,0.3333333333333333,0.2,0.2
441,2,0,0.0,0.2,0.3
442,1,0,0.0,0.0,0.2
443,2,0,0.3333333333333333,0.4,0.5
444,1,0,0.0,0.0,0.4
445,2,1,0.6666666666666666,0.6,0.6
446,0,1,0.6666666666666666,0.8,0.7
447,2,1,0.3333333333333333,0.4,0.4
448,0,1,0.6666666666666666,0.6,0.5
449,1,0,0.0,0.2,0.4
450,0,0,0.3333333333333333,0.2,0.3
451,0,0,0.3333333333333333,0.6,0.4
452,1,0,0.0,0.2,0.2
453,0,0,0.0,0.0,0.2
454,1,1,0.6666666666666666,0.4,0.4
455,1,0,0.0,0.0,0.0
456,3,0,0.3333333333333333,0.2,0.5
457,2,0,0.3333333333333333,0.2,0.1
458,2,0,0.6666666666666666,0.4,0.3
459,1,0,0.0,0.4,0.3
460,0,0,0.3333333333333333,0.4,0.4
461,3,1,0.6666666666666666,0.4,0.4
462,1,1,0.3333333333333333,0.2,0.4
463,2,0,0.3333333333333333,0.4,0.5
464,1,1,0.3333333333333333,0.4,0.5
465,1,0,0.0,0.4,0.3
466,2,1,0.3333333333333333,0.4,0.3
467,2,0,0.0,0.2,0.2
468,1,1,0.6666666666666666,0.6,0.4
469,1,0,0.0,0.2,0.3
470,0,0,0.3333333333333333,0.2,0.2
471,2,0,0.0,0.2,0.4
472,2,0,0.6666666666666666,0.4,0.4
473,3,1,0.6666666666666666,0.6,0.4
474,3,1,0.3333333333333333,0.4,0.4
475,1,1,0.6666666666666666,0.4,0.2
476,3,1,1.0,1.0,0.8
477,3,0,0.3333333333333333,0.4,0.3
478,3,1,0.3333333333333333,0.2,0.2
479,3,0,0.0,0.0,0.1
480,2,0,0.3333333333333333,0.2,0.1
481,3,0,0.3333333333333333,0.6,0.7
482,2,0,0.3333333333333333,0.2,0.2
483,3,0,0.0,0.0,0.3
484,3,1,1.0,0.8,0.5
485,3,1,0.6666666666666666,0.8,0.4
486,3,0,0.0,0.0,0.2
487,3,0,0.3333333333333333,0.2,0.4
488,2,0,0.6666666666666666,0.4,0.2
489,3,1,0.3333333333333333,0.4,0.5
490,2,1,0.6666666666666666,0.4,0.4
491,2,0,0.3333333333333333,0.6,0.3
492,0,0,0.3333333333333333,0.6,0.5
493,1,0,0.3333333333333333,0.6,0.4
494,0,1,0.6666666666666666,0.4,0.6
495,3,1,0.6666666666666666,0.6,0.7
496,3,0,0.0,0.2,0.3
497,3,0,0.3333333333333333,0.4,0.4
498,1,0,0.0,0.2,0.3
499,3,1,0.3333333333333333,0.6,0.5
500,0,0,0.0,0.2,0.3
501,2,0,0.0,0.0,0.1
502,2,1,0.6666666666666666,0.4,0.2
503,0,1,0.3333333333333333,0.2,0.2
504,0,0,0.3333333333333333,0.2,0.3
505,1,0,0.0,0.2,0.2
506,3,1,0.6666666666666666,0.6,0.5
507,3,0,0.0,0.2,0.4
508,3,1,1.0,0.6,0.6
509,1,1,0.6666666666666666,0.6,0.6
510,0,0,0.0,0.4,0.2
511,2,1,0.3333333333333333,0.4,0.3
512,2,0,0.0,0.2,0.2
513,3,1,0.6666666666666666,0.4,0.3
514,2,0,0.3333333333333333,0.4,0.4
515,2,0,0.0,0.2,0.3
516,3,0,0.0,0.0,0.0
517,2,0,0.0,0.0,0.1
518,2,0,0.0,0.0,0.2
519,1,1,0.6666666666666666,0.4,0.3
520,0,1,1.0,0.8,0.6
521,3,0,0.3333333333333333,0.4,0.3
522,3,0,0.3333333333333333,0.6,0.7
523,1,0,0.3333333333333333,0.6,0.6
524,2,0,0.0,0.2,0.1
525,3,1,0.3333333333333333,0.2,0.1
526,1,1,0.3333333333333333,0.2,0.4
527,2,1,0.3333333333333333,0.4,0.6
528,3,1,1.0,0.6,0.6
529,2,1,0.3333333333333333,0.2,0.1
530,3,1,0.3333333333333333,0.2,0.4
531,1,0,0.0,0.0,0.0
532,3,0,0.3333333333333333,0.6,0.5
533,3,0,0.0,0.2,0.5
534,1,1,0.6666666666666666,0.4,0.3
535,3,0,0.3333333333333333,0.4,0.6
536,1,0,0.3333333333333333,0.2,0.3
537,0,0,0.3333333333333333,0.2,0.4
538,0,1,1.0,0.8,0.7
539,3,0,0.6666666666666666,0.4,0.5
540,1,1,0.6666666666666666,0.6,0.4
541,1,0,0.6666666666666666,0.4,0.2
542,1,0,0.3333333333333333,0.2,0.2
543,0,1,0.6666666666666666,0.6,0.7
544,3,1,1.0,1.0,0.7
545,2,0,0.3333333333333333,0.2,0.3
546,0,1,0.3333333333333333,0.2,0.4
547,3,0,0.3333333333333333,0.4,0.6
548,2,0,0.0,0.0,0.3
549,0,1,1.0,0.8,0.7
550,0,0,0.3333333333333333,0.4,0.3
551,1,0,0.6666666666666666,0.6,0.5
552,2,0,0.3333333333333333,0.2,0.2
553,0,0,0.0,0.0,0.0
554,3,0,0.0,0.0,0.2
555,3,0,0.3333333333333333,0.4,0.5
556,2,0,0.0,0.0,0.1
557,2,0,0.3333333333333333,0.6,0.3
558,1,0,0.0,0.2,0.1
559,1,0,0.3333333333333333,0.4,0.3
560,2,0,0.6666666666666666,0.4,0.3
561,1,1,0.3333333333333333,0.2,0.4
562,3,0,0.3333333333333333,0.4,0.3
563,2,0,0.0,0.2,0.2
564,0,0,0.6666666666666666,0.6,0.7
565,0,1,0.6666666666666666,0.6,0.6
566,1,1,0.6666666666666666,0.4,0.4
567,3,1,0.3333333333333333,0.2,0.1
568,0,0,0.0,0.0,0.1
569,3,1,0.6666666666666666,0.8,0.6
570,3,1,0.6666666666666666,0.8,0.5
571,0,1,0.6666666666666666,0.4,0.4
572,2,0,0.6666666666666666,0.6,0.3
573,3,0,0.3333333333333333,0.2,0.4
574,3,1,0.6666666666666666,0.8,0.8
575,3,0,0.3333333333333333,0.4,0.5
576,3,0,0.3333333333333333,0.2,0.1
577,0,0,0.0,0.2,0.2
578,2,1,0.3333333333333333,0.4,0.2
579,1,1,0.6666666666666666,0.6,0.6
580,1,0,0.0,0.0,0.2
581,0,0,0.3333333333333333,0.4,0.4
582,1,0,0.0,0.0,0.3
583,1,0,0.3333333333333333,0.4,0.4
584,3,0,0.3333333333333333,0.4,0.4
585,2,0,0.0,0.0,0.1
586,0,0,0.0,0.2,0.4
587,2,0,0.3333333333333333,0.2,0.3
588,0,1,0.3333333333333333,0.2,0.2
589,0,0,0.0,0.2,0.2
590,0,0,0.3333333333333333,0.4,0.3
591,0,1,1.0,0.8,0.8
592,0,0,0.0,0.0,0.2
593,3,1,0.6666666666666666,0.6,0.4
594,0,1,0.6666666666666666,0.4,0.5
595,3,0,0.3333333333333333,0.4,0.4
596,2,0,0.3333333333333333,0.2,0.2
597,0,0,0.3333333333333333,0.4,0.6
598,2,1,0.3333333333333333,0.4,0.4
599,1,0,0.3333333333333333,0.4,0.4
600,0,0,0.6666666666666666,0.6,0.8
601,0,1,0.3333333333333333,0.4,0.7
602,2,0,0.3333333333333333,0.2,0.2
603,1,1,0.3333333333333333,0.2,0.3
604,0,1,0.6666666666666666,0.6,0.5
605,0,0,0.3333333333333333,0.4,0.5
606,0,1,0.3333333333333333,0.4,0.4
607,0,1,0.6666666666666666,0.6,0.7
608,0,0,0.0,0.0,0.1
609,1,1,0.3333333333333333,0.4,0.3
610,2,0,0.3333333333333333,0.4,0.3
611,3,1,0.6666666666666666,0.4,0.6
612,3,1,0.3333333333333333,0.2,0.2
613,0,0,0.0,0.2,0.1
614,2,0,0.0,0.0,0.0
615,2,0,0.3333333333333333,0.2,0.3
616,1,1,0.6666666666666666,0.6,0.4
617,0,0,0.6666666666666666,0.6,0.5
618,3,0,0.0,0.0,0.1
619,1,0,0.3333333333333333,0.4,0.4
620,2,0,0.6666666666666666,0.4,0.3
621,1,0,0.0,0.0,0.0
622,0,0,0.0,0.0,0.2
623,1,1,0.6666666666666666,0.6,0.3
624,2,1,0.6666666666666666,0.6,0.8
625,2,0,0.0,0.0,0.2
626,0,1,1.0,0.8,0.6
627,1,1,0.6666666666666666,0.6,0.5
628,0,0,0.0,0.0,0.0
629,3,1,1.0,0.8,0.5
630,2,0,0.3333333333333333,0.4,0.3
631,2,0,0.3333333333333333,0.2,0.2
632,2,0,0.3333333333333333,0.2,0.3
633,3,1,1.0,0.6,0.5
634,1,0,0.6666666666666666,0.4,0.5
635,2,1,0.3333333333333333,0.4,0.3
636,0,0,0.3333333333333333,0.2,0.2
637,0,1,0.6666666666666666,0.4,0.3
638,2,0,0.0,0.2,0.2
639,0,1,0.6666666666666666,0.4,0.3
640,2,0,0.3333333333333333,0.4,0.3
641,0,1,0.3333333333333333,0.4,0.4
642,1,1,0.3333333333333333,0.2,0.1
643,0,0,0.0,0.2,0.3
644,0,0,0.3333333333333333,0.4,0.4
645,2,0,0.6666666666666666,0.4,0.4
646,1,0,0.3333333333333333,0.2,0.3
647,2,1,1.0,0.6,0.4
648,2,0,0.3333333333333333,0.2,0.4
649,1,0,0.6666666666666666,0.6,0.6
650,0,0,0.0,0.2,0.1
651,1,0,0.3333333333333333,0.2,0.3
652,1,0,0.0,0.0,0.2
653,1,1,0.6666666666666666,0.4,0.6
654,1,0,0.0,0.2,0.5
655,0,1,0.6666666666666666,0.6,0.3
656,1,0,0.3333333333333333,0.4,0.4
657,0,1,0.3333333333333333,0.4,0.5
658,0,1,0.6666666666666666,0.6,0.6
659,1,1,0.6666666666666666,0.4,0.4
660,3,0,0.0,0.0,0.0
661,0,1,0.6666666666666666,0.6,0.4
662,2,1,0.3333333333333333,0.2,0.4
663,1,0,0.0,0.0,0.2
664,1,0,0.3333333333333333,0.4,0.3
665,0,0,0.3333333333333333,0.4,0.6
666,2,0,0.0,0.0,0.0
667,2,0,0.0,0.2,0.1
668,3,0,0.3333333333333333,0.4,0.5
669,1,1,1.0,1.0,0.7
670,2,0,0.0,0.2,0.2
671,3,1,0.6666666666666666,0.6,0.5
672,0,0,0.0,0.0,0.0
673,1,0,0.3333333333333333,0.2,0.1
674,3,0,0.0,0.0,0.2
675,2,0,0.0,0.0,0.3
676,2,0,0.0,0.2,0.3
677,0,0,0.0,0.4,0.7
678,2,1,0.3333333333333333,0.4,0.2
679,3,0,0.0,0.2,0.2
680,2,0,0.3333333333333333,0.6,0.5
681,3,0,0.3333333333333333,0.6,0.3
682,3,0,0.3333333333333333,0.4,0.3
683,0,0,0.0,0.4,0.2
684,0,0,0.3333333333333333,0.2,0.3
685,2,0,0.0,0.2,0.4
686,3,0,0.0,0.0,0.2
687,2,1,1.0,0.6,0.6
688,3,1,0.3333333333333333,0.2,0.3
689,3,1,0.6666666666666666,0.8,0.6
690,0,1,0.6666666666666666,0.4,0.5
691,2,0,0.0,0.2,0.4
692,3,1,0.6666666666666666,0.4,0.2
693,1,0,0.0,0.0,0.0
694,1,0,0.0,0.0,0.1
695,3,0,0.3333333333333333,0.4,0.5
696,2,1,0.6666666666666666,0.6,0.6
697,2,1,0.6666666666666666,0.4,0.5
698,3,1,0.3333333333333333,0.4,0.6
699,2,0,0.6666666666666666,0.6,0.4
700,1,1,0.6666666666666666,0.8,0.5
701,2,0,0.3333333333333333,0.4,0.3
702,0,0,0.3333333333333333,0.2,0.1
703,2,0,0.0,0.2,0.2
704,2,1,0.6666666666666666,0.4,0.3
705,2,0,0.0,0.0,0.1
706,0,0,0.0,0.2,0.1
707,2,0,0.0,0.2,0.2
708,0,1,1.0,0.8,0.7
709,2,0,0.0,0.2,0.1
710,2,0,0.0,0.0,0.1
711,1,1,0.6666666666666666,0.4,0.3
712,3,1,0.6666666666666666,0.4,0.4
713,3,0,0.3333333333333333,0.4,0.4
714,3,0,0.0,0.0,0.4
715,0,1,1.0,0.8,0.6
716,3,0,0.0,0.0,0.1
717,2,0,0.6666666666666666,0.4,0.3
718,1,0,0.0,0.0,0.2
719,0,1,1.0,0.8,0.5
720,1,0,0.3333333333333333,0.2,0.4
721,0,0,0.0,0.0,0.0
722,0,1,0.6666666666666666,0.4,0.6
723,1,0,0.0,0.2,0.3
724,1,1,0.3333333333333333,0.4,0.4
725,0,0,0.3333333333333333,0.6,0.6
726,1,0,0.6666666666666666,0.6,0.4
727,3,0,0.6666666666666666,0.4,0.5
728,1,0,0.3333333333333333,0.4,0.3
729,1,0,0.0,0.2,0.1
730,2,0,0.0,0.4,0.3
731,3,1,1.0,0.6,0.4
732,3,1,0.6666666666666666,0.6,0.6
733,3,0,0.3333333333333333,0.6,0.8
734,3,1,0.6666666666666666,0.4,0.6
735,3,0,0.0,0.0,0.2
736,1,0,0.6666666666666666,0.6,0.6
737,3,0,0.3333333333333333,0.2,0.2
738,0,1,0.6666666666666666,0.4,0.5
739,2,1,1.0,0.6,0.3
740,3,0,0.0,0.0,0.0
741,0,1,0.6666666666666666,0.8,0.6
742,2,0,0.3333333333333333,0.4,0.3
743,2,0,0.0,0.2,0.3
744,3,1,1.0,0.6,0.7
745,0,0,0.0,0.0,0.1
746,1,0,0.0,0.2,0.3
747,2,1,0.6666666666666666,0.6,0.4
748,3,0,0.3333333333333333,0.4,0.4
749,1,0,0.3333333333333333,0.4,0.3
750,0,0,0.0,0.0,0.0
751,1,1,0.6666666666666666,0.8,0.8
752,2,1,0.6666666666666666,0.4,0.4
753,2,0,0.3333333333333333,0.2,0.1
754,1,1,0.3333333333333333,0.2,0.3
755,2,0,0.0,0.2,0.1
756,0,1,0.6666666666666666,0.4,0.5
757,3,0,0.0,0.2,0.2
758,1,0,0.3333333333333333,0.6,0.4
759,3,0,0.0,0.0,0.0
760,3,0,0.6666666666666666,0.4,0.5
761,3,0,0.6666666666666666,0.6,0.3
762,3,0,0.3333333333333333,0.6,0.7
763,3,1,0.6666666666666666,0.4,0.2
764,3,0,0.3333333333333333,0.2,0.2
765,1,1,0.6666666666666666,0.6,0.6
766,2,0,0.3333333333333333,0.2,0.3
767,2,0,0.3333333333333333,0.4,0.4
768,2,0,0.3333333333333333,0.4,0.4
769,2,0,0.3333333333333333,0.4,0.2
770,1,1,1.0,0.6,0.4
771,1,0,0.3333333333333333,0.2,0.2
772,3,0,0.0,0.0,0.1
773,2,1,0.3333333333333333,0.2,0.1
774,3,0,0.3333333333333333,0.4,0.6
775,2,0,0.0,0.0,0.2
776,3,1,0.6666666666666666,0.6,0.5
777,3,0,0.0,0.0,0.1
778,1,0,0.0,0.4,0.3
779,3,0,0.0,0.2,0.2
780,0,1,0.6666666666666666,0.4,0.4
781,0,1,1.0,0.6,0.6
782,0,1,1.0,0.8,0.6
783,0,1,0.6666666666666666,0.6,0.6
784,3,0,0.0,0.4,0.3
785,1,1,0.3333333333333333,0.2,0.2
786,3,1,0.6666666666666666,0.6,0.5
787,0,1,1.0,0.8,0.7
788,3,1,0.6666666666666666,0.8,0.7
789,3,1,1.0,0.8,0.6
790,3,1,0.3333333333333333,0.4,0.3
791,2,0,0.0,0.0,0.0
792,2,0,0.0,0.0,0.1
793,2,0,0.0,0.0,0.0
794,2,0,0.3333333333333333,0.2,0.4
795,3,1,1.0,0.6,0.4
796,0,0,0.0,0.2,0.2
797,0,0,0.0,0.0,0.0
798,1,0,0.0,0.0,0.0
799,0,0,0.3333333333333333,0.4,0.3
800,3,0,0.0,0.2,0.3
801,2,0,0.6666666666666666,0.4,0.3
802,2,0,0.0,0.0,0.0
803,1,0,0.3333333333333333,0.2,0.2
804,1,1,0.6666666666666666,0.4,0.5
805,0,1,0.6666666666666666,0.8,0.6
806,2,1,0.6666666666666666,0.6,0.5
807,3,0,0.3333333333333333,0.2,0.1
808,1,1,0.6666666666666666,0.6,0.5
809,0,0,0.3333333333333333,0.2,0.3
810,0,1,0.3333333333333333,0.2,0.3
811,2,0,0.3333333333333333,0.2,0.2
812,2,0,0.3333333333333333,0.2,0.1
813,3,1,0.3333333333333333,0.6,0.5
814,0,0,0.3333333333333333,0.2,0.2
815,1,1,1.0,0.8,0.5
816,2,1,0.6666666666666666,0.6,0.4
817,2,1,0.6666666666666666,0.4,0.2
818,3,1,0.6666666666666666,0.8,0.7
819,3,1,0.3333333333333333,0.4,0.4
820,3,1,0.3333333333333333,0.2,0.2
821,2,1,0.3333333333333333,0.2,0.1
822,3,1,0.6666666666666666,0.6,0.7
823,1,0,0.3333333333333333,0.4,0.3
824,1,0,0.3333333333333333,0.6,0.4
825,2,1,0.3333333333333333,0.2,0.1
826,0,0,0.3333333333333333,0.2,0.2
827,3,1,0.6666666666666666,0.6,0.5
828,1,1,0.3333333333333333,0.4,0.3
829,1,0,0.0,0.2,0.5
830,0,0,0.3333333333333333,0.6,0.5
831,1,0,0.0,0.4,0.6
832,2,0,0.0,0.0,0.5
833,1,0,0.3333333333333333,0.2,0.3
834,3,0,0.3333333333333333,0.6,0.7
835,3,0,0.3333333333333333,0.2,0.2
836,1,0,0.0,0.2,0.1
837,1,0,0.3333333333333333,0.2,0.3
838,2,0,0.3333333333333333,0.2,0.2
839,1,0,0.0,0.0,0.1
840,3,0,0.3333333333333333,0.2,0.2
841,0,0,0.3333333333333333,0.2,0.4
842,2,0,0.6666666666666666,0.6,0.5
843,3,0,0.3333333333333333,0.4,0.4
844,2,0,0.3333333333333333,0.2,0.2
845,1,1,0.6666666666666666,0.6,0.5
846,2,0,0.6666666666666666,0.4,0.3
847,0,0,0.6666666666666666,0.6,0.5
848,0,0,0.3333333333333333,0.4,0.3
849,0,0,0.3333333333333333,0.4,0.4
850,0,0,0.6666666666666666,0.4,0.4
851,0,1,0.3333333333333333,0.2,0.1
852,0,0,0.0,0.0,0.1
853,2,0,0.3333333333333333,0.2,0.3
854,0,0,0.3333333333333333,0.6,0.7
855,2,0,0.0,0.2,0.2
856,2,0,0.0,0.0,0.1
857,0,0,0.0,0.0,0.1
858,2,0,0.6666666666666666,0.6,0.5
859,1,1,0.3333333333333333,0.2,0.3
860,3,0,0.3333333333333333,0.6,0.7
861,3,0,0.6666666666666666,0.6,0.5
862,0,0,0.6666666666666666,0.6,0.4
863,2,0,0.3333333333333333,0.2,0.4
864,1,0,0.0,0.2,0.3
865,1,1,0.3333333333333333,0.4,0.3
866,2,0,0.0,0.2,0.2
867,1,0,0.0,0.2,0.2
868,3,1,0.6666666666666666,0.4,0.5
869,1,0,0.3333333333333333,0.4,0.3
870,1,1,0.3333333333333333,0.4,0.2
871,3,0,0.0,0.0,0.4
872,3,1,1.0,0.8,0.8
873,0,0,0.0,0.0,0.0
874,1,1,0.6666666666666666,0.6,0.3
875,2,0,0.0,0.2,0.1
876,0,1,0.3333333333333333,0.2,0.2
877,1,0,0.0,0.0,0.2
878,0,0,0.0,0.2,0.3
879,3,0,0.6666666666666666,0.6,0.6
880,0,1,0.6666666666666666,0.8,0.6
881,3,0,0.3333333333333333,0.4,0.4
882,3,1,0.3333333333333333,0.2,0.3
883,2,0,0.0,0.2,0.3
884,0,0,0.3333333333333333,0.2,0.1
885,0,1,0.6666666666666666,0.4,0.3
886,0,1,0.6666666666666666,0.8,0.8
887,3,1,1.0,0.6,0.5
888,3,0,0.3333333333333333,0.6,0.6
889,0,1,0.3333333333333333,0.6,0.5
890,2,0,0.3333333333333333,0.2,0.1
891,0,1,0.6666666666666666,0.6,0.7
892,3,0,0.6666666666666666,0.6,0.5
893,1,0,0.3333333333333333,0.2,0.2
894,0,0,0.0,0.2,0.2
895,1,0,0.3333333333333333,0.2,0.2
896,0,1,0.3333333333333333,0.2,0.3
897,2,0,0.0,0.4,0.6
898,3,0,0.3333333333333333,0.4,0.3
899,1,0,0.3333333333333333,0.6,0.4
900,1,0,0.0,0.0,0.1
901,0,1,0.6666666666666666,0.6,0.6
902,3,1,0.6666666666666666,0.6,0.4
903,2,0,0.0,0.2,0.4
904,0,0,0.0,0.0,0.1
905,3,0,0.3333333333333333,0.4,0.7
906,1,1,0.6666666666666666,0.6,0.4
907,3,1,0.3333333333333333,0.2,0.5
908,2,0,0.0,0.0,0.1
909,2,0,0.0,0.2,0.3
910,3,1,0.6666666666666666,0.6,0.3
911,3,1,0.6666666666666666,0.6,0.5
912,3,0,0.3333333333333333,0.2,0.2
913,1,0,0.0,0.0,0.0
914,1,0,0.0,0.0,0.1
915,1,0,0.6666666666666666,0.4,0.3
916,0,1,0.6666666666666666,0.6,0.5
917,0,0,0.6666666666666666,0.8,0.7
918,1,1,0.3333333333333333,0.2,0.1
919,3,1,0.6666666666666666,0.6,0.6
920,0,0,0.0,0.2,0.3
921,0,0,0.3333333333333333,0.4,0.5
922,2,0,0.0,0.0,0.1
923,1,0,0.3333333333333333,0.2,0.2
924,3,1,0.6666666666666666,0.8,0.7
925,0,0,0.0,0.0,0.2
926,1,1,0.3333333333333333,0.4,0.4
927,0,1,0.6666666666666666,0.4,0.4
928,0,1,0.6666666666666666,0.6,0.4
929,1,1,0.3333333333333333,0.2,0.4
930,0,0,0.6666666666666666,0.6,0.5
931,1,1,0.3333333333333333,0.2,0.2
932,0,0,0.0,0.4,0.3
933,1,1,0.3333333333333333,0.4,0.4
934,1,1,0.6666666666666666,0.4,0.5
935,2,0,0.3333333333333333,0.6,0.4
936,2,0,0.3333333333333333,0.2,0.2
937,0,1,0.3333333333333333,0.4,0.3
938,0,0,0.0,0.2,0.2
939,0,0,0.3333333333333333,0.4,0.4
940,0,0,0.3333333333333333,0.4,0.3
941,0,1,0.6666666666666666,0.6,0.5
942,3,1,1.0,0.8,0.6
943,3,0,0.3333333333333333,0.4,0.6
944,0,0,0.3333333333333333,0.2,0.3
945,2,1,1.0,0.6,0.5
946,3,0,0.0,0.0,0.0
947,1,0,0.3333333333333333,0.6,0.7
948,3,1,0.6666666666666666,0.8,0.6
949,1,0,0.0,0.2,0.4
950,0,0,0.3333333333333333,0.4,0.5
951,1,0,0.0,0.0,0.2
952,2,0,0.3333333333333333,0.4,0.4
953,2,0,0.0,0.2,0.4
954,3,0,0.3333333333333333,0.6,0.5
955,3,0,0.0,0.4,0.3
956,0,0,0.3333333333333333,0.4,0.3
957,2,0,0.0,0.2,0.2
958,3,1,0.6666666666666666,0.8,0.5
959,1,0,0.3333333333333333,0.4,0.5
960,0,1,0.6666666666666666,0.8,0.7
961,1,0,0.3333333333333333,0.6,0.4
962,2,0,0.3333333333333333,0.2,0.4
963,1,0,0.0,0.2,0.2
964,2,0,0.3333333333333333,0.4,0.5
965,2,0,0.3333333333333333,0.4,0.4
966,1,0,0.3333333333333333,0.4,0.3
967,2,0,0.0,0.0,0.0
968,2,1,0.6666666666666666,0.6,0.4
969,0,0,0.3333333333333333,0.6,0.7
970,2,1,0.6666666666666666,0.4,0.4
971,2,0,0.0,0.2,0.2
972,3,1,0.6666666666666666,0.8,0.5
973,1,1,0.3333333333333333,0.2,0.2
974,2,1,0.3333333333333333,0.6,0.7
975,2,1,0.3333333333333333,0.4,0.4
976,0,0,0.6666666666666666,0.8,0.7
977,0,0,0.0,0.0,0.1
978,1,1,0.6666666666666666,0.6,0.4
979,1,0,0.3333333333333333,0.2,0.1
980,0,0,0.0,0.0,0.2
981,2,0,0.0,0.0,0.1
982,0,0,0.0,0.2,0.4
983,2,0,0.3333333333333333,0.2,0.5
984,2,0,0.0,0.2,0.4
985,2,0,0.3333333333333333,0.4,0.2
986,2,0,0.3333333333333333,0.2,0.1
987,3,1,0.6666666666666666,0.4,0.2
988,1,0,0.3333333333333333,0.2,0.2
989,0,1,0.6666666666666666,0.6,0.6
990,1,1,0.6666666666666666,0.4,0.5
991,0,0,0.6666666666666666,0.4,0.3
992,3,0,0.0,0.2,0.2
993,2,1,0.6666666666666666,0.6,0.5
994,2,0,0.0,0.0,0.0
995,1,0,0.3333333333333333,0.4,0.3
996,1,1,0.6666666666666666,0.4,0.4
997,0,0,0.3333333333333333,0.4,0.4
998,3,0,0.3333333333333333,0.2,0.1
999,2,0,0.0,0.2,0.4
1000,3,1,1.0,0.6,0.7
1001,0,0,0.3333333333333333,0.2,0.1
1002,2,1,1.0,0.6,0.4
1003,0,0,0.0,0.0,0.1
1004,3,1,0.6666666666666666,0.4,0.5
1005,2,1,0.6666666666666666,0.6,0.4
1006,2,0,0.3333333333333333,0.4,0.5
1007,3,0,0.0,0.2,0.4
1008,0,0,0.3333333333333333,0.6,0.4
1009,0,1,0.6666666666666666,0.4,0.4
1010,0,0,0.3333333333333333,0.2,0.3
1011,1,0,0.3333333333333333,0.6,0.3
1012,3,0,0.6666666666666666,0.6,0.5
1013,3,0,0.0,0.2,0.2
1014,3,1,1.0,0.6,0.5
1015,2,0,0.0,0.2,0.3
1016,0,0,0.3333333333333333,0.4,0.4
1017,1,0,0.3333333333333333,0.6,0.6
1018,2,1,0.3333333333333333,0.4,0.3
1019,0,0,0.3333333333333333,0.2,0.3
1020,0,0,0.0,0.2,0.3
1021,1,0,0.0,0.0,0.3
1022,2,0,0.0,0.0,0.0
1023,1,1,0.3333333333333333,0.2,0.1
1024,1,0,0.3333333333333333,0.4,0.4
1025,2,0,0.0,0.0,0.1
1026,3,0,0.3333333333333333,0.6,0.3
1027,2,0,0.0,0.2,0.2
1028,1,1,0.6666666666666666,0.6,0.3
1029,3,0,0.3333333333333333,0.4,0.2
1030,2,1,0.3333333333333333,0.2,0.2
1031,1,0,0.0,0.0,0.0
1032,2,0,0.0,0.2,0.1
1033,0,1,1.0,1.0,1.0
1034,0,0,0.0,0.2,0.2
1035,0,1,0.6666666666666666,0.4,0.5
1036,0,1,0.3333333333333333,0.4,0.4
1037,0,1,0.6666666666666666,0.8,0.6
1038,2,0,0.3333333333333333,0.2,0.3
1039,2,0,0.0,0.0,0.2
1040,0,1,0.6666666666666666,0.6,0.6
1041,3,1,0.6666666666666666,0.4,0.4
1042,2,0,0.3333333333333333,0.4,0.3
1043,1,0,0.0,0.2,0.4
1044,3,0,0.3333333333333333,0.4,0.3
1045,2,1,0.3333333333333333,0.2,0.1
1046,1,1,0.3333333333333333,0.2,0.1
1047,3,0,0.6666666666666666,0.4,0.4
1048,1,0,0.0,0.4,0.2
1049,0,1,0.6666666666666666,0.8,0.6
1050,0,1,0.6666666666666666,0.6,0.7
1051,0,0,0.0,0.0,0.1
1052,3,0,0.0,0.0,0.3
1053,3,0,0.3333333333333333,0.4,0.5
1054,3,1,1.0,1.0,0.8
1055,0,0,0.3333333333333333,0.4,0.4
1056,1,0,0.3333333333333333,0.4,0.4
1057,3,1,0.3333333333333333,0.6,0.6
1058,1,0,0.0,0.0,0.1
1059,1,0,0.3333333333333333,0.2,0.3
1060,1,0,0.3333333333333333,0.4,0.3
1061,3,1,0.3333333333333333,0.2,0.3
1062,1,0,0.6666666666666666,0.4,0.5
1063,3,1,0.6666666666666666,0.6,0.6
1064,3,0,0.6666666666666666,0.4,0.2
1065,3,0,0.6666666666666666,0.4,0.5
1066,0,0,0.0,0.4,0.3
1067,3,0,0.0,0.0,0.0
1068,3,0,0.3333333333333333,0.4,0.4
1069,0,0,0.3333333333333333,0.4,0.3
1070,0,0,0.3333333333333333,0.4,0.4
1071,0,1,0.6666666666666666,0.6,0.6
1072,1,1,0.3333333333333333,0.2,0.5
1073,3,0,0.0,0.2,0.2
1074,0,0,0.0,0.2,0.1
1075,2,0,0.3333333333333333,0.2,0.3
1076,1,0,0.0,0.2,0.2
1077,3,0,0.0,0.0,0.1
1078,3,1,0.3333333333333333,0.4,0.4
1079,2,1,0.3333333333333333,0.4,0.4
1080,1,0,0.3333333333333333,0.4,0.3
1081,1,1,0.6666666666666666,0.6,0.6
1082,3,0,0.6666666666666666,0.8,0.8
1083,1,1,0.3333333333333333,0.4,0.3
1084,0,1,0.3333333333333333,0.2,0.2
1085,2,1,1.0,0.8,0.7
1086,1,0,0.3333333333333333,0.4,0.6
1087,3,0,0.3333333333333333,0.2,0.5
1088,0,1,0.3333333333333333,0.4,0.4
1089,0,0,0.6666666666666666,0.8,0.9
1090,0,1,0.3333333333333333,0.2,0.4
1091,0,0,0.0,0.2,0.4
1092,1,1,0.6666666666666666,0.4,0.4
1093,0,1,0.3333333333333333,0.2,0.3
1094,3,1,1.0,0.8,0.9
1095,1,0,0.0,0.2,0.2
1096,3,1,0.6666666666666666,0.4,0.7
1097,0,0,0.0,0.0,0.2
1098,3,0,0.3333333333333333,0.2,0.1
1099,1,1,0.6666666666666666,0.4,0.5
1100,2,0,0.3333333333333333,0.2,0.2
1101,1,1,0.3333333333333333,0.4,0.5
1102,0,0,0.3333333333333333,0.2,0.1
1103,3,1,0.6666666666666666,0.8,0.8
1104,1,0,0.0,0.0,0.1
1105,0,0,0.3333333333333333,0.2,0.2
1106,3,1,0.3333333333333333,0.2,0.4
1107,2,0,0.3333333333333333,0.4,0.5
1108,3,1,1.0,1.0,0.7
1109,1,1,0.6666666666666666,0.4,0.3
1110,1,0,0.0,0.0,0.0
1111,2,0,0.0,0.2,0.3
1112,0,1,0.6666666666666666,0.6,0.7
1113,1,1,0.6666666666666666,0.4,0.2
1114,0,0,0.3333333333333333,0.4,0.4
1115,1,0,0.0,0.2,0.2
1116,2,1,0.3333333333333333,0.2,0.3
1117,1,1,0.3333333333333333,0.4,0.3
1118,1,0,0.0,0.2,0.2
1119,1,1,0.6666666666666666,0.4,0.3
1120,1,1,0.6666666666666666,0.6,0.4
1121,1,0,0.0,0.0,0.0
1122,3,1,0.3333333333333333,0.4,0.3
1123,0,1,0.6666666666666666,0.4,0.5
1124,3,0,0.0,0.4,0.2
1125,2,1,0.3333333333333333,0.2,0.2
1126,3,0,0.6666666666666666,0.6,0.6
1127,2,1,0.3333333333333333,0.2,0.3
1128,0,0,0.3333333333333333,0.2,0.3
1129,2,0,0.3333333333333333,0.2,0.3
1130,0,1,0.3333333333333333,0.2,0.4
1131,0,1,0.6666666666666666,0.8,0.6
1132,3,1,1.0,1.0,0.7
1133,3,0,0.0,0.0,0.3
1134,0,0,0.0,0.2,0.3
1135,1,0,0.0,0.2,0.3
1136,1,1,0.3333333333333333,0.2,0.2
1137,0,1,0.6666666666666666,0.6,0.5
1138,3,0,0.0,0.0,0.0
1139,0,0,0.6666666666666666,0.6,0.3
1140,2,1,0.3333333333333333,0.4,0.4
1141,1,0,0.0,0.0,0.0
1142,3,0,0.0,0.2,0.1
1143,0,0,0.0,0.2,0.4
1144,3,0,0.0,0.2,0.3
1145,0,0,0.0,0.0,0.1
1146,1,1,0.6666666666666666,0.4,0.3
1147,2,0,0.0,0.0,0.1
1148,0,0,0.3333333333333333,0.2,0.2
1149,0,0,0.3333333333333333,0.2,0.3
1150,1,0,0.3333333333333333,0.2,0.2
1151,3,1,1.0,0.6,0.4
1152,0,1,1.0,0.8,0.6
1153,0,0,0.0,0.0,0.1
1154,3,0,0.0,0.2,0.3
1155,3,1,1.0,1.0,0.8
1156,2,0,0.6666666666666666,0.4,0.4
1157,3,0,0.3333333333333333,0.2,0.1
1158,3,0,0.0,0.2,0.1
1159,3,0,0.3333333333333333,0.2,0.1
1160,1,0,0.3333333333333333,0.2,0.1
1161,3,0,0.0,0.0,0.1
1162,1,0,0.0,0.0,0.2
1163,0,0,0.3333333333333333,0.6,0.6
1164,3,0,0.3333333333333333,0.4,0.5
1165,0,1,1.0,0.6,0.5
1166,1,0,0.0,0.0,0.2
1167,1,0,0.6666666666666666,0.6,0.6
1168,2,0,0.0,0.0,0.2
1169,0,1,0.6666666666666666,0.6,0.6
1170,0,0,0.0,0.0,0.2
1171,1,1,0.6666666666666666,0.4,0.5
1172,2,0,0.0,0.2,0.3
1173,2,0,0.0,0.2,0.2
1174,2,1,0.6666666666666666,0.4,0.3
1175,0,1,0.3333333333333333,0.4,0.5
1176,3,0,0.6666666666666666,0.6,0.3
1177,1,1,0.6666666666666666,0.4,0.3
1178,3,1,1.0,1.0,0.9
1179,0,1,0.3333333333333333,0.6,0.6
1180,3,1,1.0,0.8,0.6
1181,2,0,0.0,0.2,0.2
1182,0,0,0.0,0.0,0.1
1183,3,0,0.0,0.2,0.4
1184,2,0,0.0,0.2,0.2
1185,2,1,0.3333333333333333,0.2,0.2
1186,1,0,0.0,0.2,0.2
1187,3,1,0.3333333333333333,0.4,0.4
1188,3,1,1.0,0.6,0.4
1189,0,0,0.0,0.0,0.2
1190,2,0,0.6666666666666666,0.4,0.4
1191,3,0,0.0,0.2,0.5
1192,2,1,0.6666666666666666,0.4,0.3
1193,2,0,0.0,0.0,0.3
1194,2,0,0.3333333333333333,0.2,0.1
1195,2,0,0.0,0.0,0.2
1196,1,0,0.3333333333333333,0.4,0.4
1197,0,0,0.3333333333333333,0.4,0.4
1198,1,0,0.0,0.2,0.4
1199,1,1,0.6666666666666666,0.6,0.7
1200,3,0,0.3333333333333333,0.6,0.4
1201,3,1,1.0,0.8,0.7
1202,3,0,0.0,0.0,0.0
1203,1,0,0.3333333333333333,0.2,0.3
1204,1,0,0.6666666666666666,0.4,0.4
1205,3,1,0.3333333333333333,0.2,0.3
1206,3,1,1.0,0.6,0.4
1207,1,0,0.3333333333333333,0.2,0.2
1208,0,0,0.0,0.2,0.1
1209,3,0,0.0,0.0,0.1
1210,3,0,0.3333333333333333,0.4,0.4
1211,0,1,0.6666666666666666,0.6,0.3
1212,0,0,0.0,0.0,0.1
1213,0,1,1.0,0.8,0.5
1214,2,0,0.0,0.2,0.2
1215,3,1,0.6666666666666666,0.6,0.6
1216,2,1,0.3333333333333333,0.4,0.4
1217,1,0,0.3333333333333333,0.2,0.2
1218,1,1,0.3333333333333333,0.4,0.2
1219,2,0,0.3333333333333333,0.2,0.2
1220,2,0,0.6666666666666666,0.4,0.3
1221,0,0,0.3333333333333333,0.2,0.4
1222,0,0,0.0,0.2,0.3
1223,1,1,0.6666666666666666,0.4,0.3
1224,0,1,1.0,0.8,0.5
1225,2,0,0.3333333333333333,0.4,0.4
1226,0,0,0.3333333333333333,0.4,0.3
1227,0,1,0.6666666666666666,0.6,0.7
1228,0,0,0.3333333333333333,0.4,0.3
1229,3,1,1.0,0.8,0.6
1230,1,0,0.3333333333333333,0.2,0.4
1231,1,0,0.3333333333333333,0.2,0.2
1232,2,1,0.3333333333333333,0.4,0.5
1233,0,0,0.0,0.0,0.1
1234,2,0,0.0,0.0,0.2
1235,3,1,0.6666666666666666,0.6,0.6
1236,0,0,0.6666666666666666,0.6,0.6
1237,3,0,0.0,0.0,0.1
1238,2,0,0.3333333333333333,0.2,0.1
1239,1,1,1.0,0.8,0.5
1240,0,0,0.3333333333333333,0.2,0.4
1241,1,0,0.3333333333333333,0.2,0.2
1242,0,1,0.3333333333333333,0.4,0.4
1243,0,0,0.3333333333333333,0.2,0.2
1244,0,0,0.0,0.2,0.3
1245,3,1,0.6666666666666666,0.4,0.4
1246,3,0,0.3333333333333333,0.4,0.3
1247,0,0,0.3333333333333333,0.2,0.1
1248,3,0,0.0,0.0,0.0
1249,1,0,0.3333333333333333,0.4,0.3
1250,3,0,0.3333333333333333,0.2,0.5
1251,1,0,0.6666666666666666,0.4,0.3
1252,0,1,0.6666666666666666,0.4,0.2
1253,0,0,0.0,0.0,0.2
1254,1,1,1.0,1.0,0.6
1255,3,1,0.6666666666666666,0.6,0.3
1256,0,1,0.3333333333333333,0.2,0.2
1257,3,1,0.6666666666666666,0.6,0.5
1258,0,0,0.3333333333333333,0.6,0.3
1259,1,0,0.0,0.4,0.3
1260,2,0,0.3333333333333333,0.2,0.3
1261,0,1,0.6666666666666666,0.4,0.5
1262,2,0,0.6666666666666666,0.4,0.5
1263,3,0,0.0,0.2,0.1
1264,3,0,0.0,0.4,0.4
1265,3,1,1.0,0.8,0.7
1266,2,0,0.0,0.0,0.1
1267,1,0,0.0,0.0,0.1
1268,2,1,0.3333333333333333,0.2,0.2
1269,3,1,0.3333333333333333,0.2,0.1
1270,1,0,0.0,0.0,0.2
1271,3,0,0.3333333333333333,0.6,0.5
1272,1,0,0.0,0.2,0.5
1273,0,1,0.3333333333333333,0.4,0.6
1274,0,0,0.6666666666666666,0.4,0.4
1275,2,0,0.3333333333333333,0.4,0.3
1276,3,1,0.6666666666666666,0.8,0.8
1277,2,1,0.3333333333333333,0.2,0.3
1278,2,1,0.3333333333333333,0.2,0.2
1279,2,1,0.6666666666666666,0.4,0.4
1280,0,0,0.3333333333333333,0.2,0.2
1281,0,0,0.0,0.2,0.1
1282,1,0,0.0,0.0,0.1
1283,1,0,0.3333333333333333,0.4,0.5
1284,2,0,0.0,0.2,0.2
1285,2,0,0.0,0.2,0.3
1286,3,1,0.3333333333333333,0.4,0.4
1287,1,1,0.3333333333333333,0.2,0.3
1288,3,0,0.3333333333333333,0.4,0.3
1289,2,0,0.0,0.2,0.2
1290,3,0,0.6666666666666666,0.8,0.5
1291,1,0,0.0,0.4,0.3
1292,0,1,0.3333333333333333,0.2,0.2
1293,0,1,0.3333333333333333,0.2,0.1
1294,1,0,0.0,0.4,0.6
1295,3,0,0.0,0.0,0.0
1296,0,0,0.3333333333333333,0.4,0.6
1297,2,0,0.3333333333333333,0.2,0.2
1298,3,1,0.6666666666666666,0.6,0.5
1299,3,0,0.0,0.0,0.1
1300,3,1,0.6666666666666666,0.8,0.9
1301,1,0,0.3333333333333333,0.4,0.3
1302,0,0,0.3333333333333333,0.4,0.6
1303,0,1,1.0,1.0,0.8
1304,2,0,0.0,0.0,0.1
1305,3,0,0.6666666666666666,0.4,0.5
1306,1,1,1.0,0.6,0.4
1307,2,0,0.3333333333333333,0.6,0.4
1308,2,1,1.0,0.6,0.5
1309,2,0,0.0,0.0,0.1
1310,3,0,0.3333333333333333,0.2,0.2
1311,3,0,0.0,0.2,0.3
1312,3,1,1.0,0.8,0.6
1313,3,1,0.6666666666666666,0.4,0.4
1314,0,0,0.6666666666666666,0.6,0.3
1315,3,0,0.0,0.4,0.4
1316,0,0,0.3333333333333333,0.2,0.3
1317,1,1,0.3333333333333333,0.2,0.1
1318,3,1,0.3333333333333333,0.6,0.4
1319,3,0,0.3333333333333333,0.4,0.4
1320,3,1,1.0,0.8,0.7
1321,1,0,0.3333333333333333,0.4,0.3
1322,1,1,0.6666666666666666,0.4,0.3
1323,3,0,0.0,0.2,0.2
1324,2,1,0.6666666666666666,0.6,0.3
1325,1,0,0.3333333333333333,0.2,0.2
1326,0,0,0.3333333333333333,0.6,0.3
1327,3,0,0.0,0.0,0.1
1328,0,0,0.3333333333333333,0.4,0.4
1329,1,1,0.6666666666666666,0.4,0.4
1330,3,0,0.0,0.4,0.5
1331,2,1,0.6666666666666666,0.6,0.3
1332,3,0,0.0,0.0,0.0
1333,1,0,0.0,0.2,0.1
1334,1,0,0.0,0.2,0.3
1335,1,0,0.6666666666666666,0.4,0.3
1336,3,1,0.6666666666666666,0.4,0.4
1337,3,1,0.6666666666666666,0.6,0.6
1338,2,1,0.3333333333333333,0.4,0.2
1339,3,1,1.0,1.0,0.8
1340,2,0,0.0,0.0,0.0
1341,1,0,0.3333333333333333,0.2,0.2
1342,2,1,0.6666666666666666,0.6,0.4
1343,3,0,0.3333333333333333,0.2,0.3
1344,1,0,0.3333333333333333,0.6,0.4
1345,0,0,0.3333333333333333,0.2,0.1
1346,0,1,0.6666666666666666,0.4,0.7
1347,0,0,0.6666666666666666,0.4,0.5
1348,3,0,0.3333333333333333,0.2,0.3
1349,0,0,0.3333333333333333,0.6,0.4
1350,2,0,0.3333333333333333,0.2,0.3
1351,3,0,0.6666666666666666,0.8,0.5
1352,3,0,0.0,0.0,0.3
1353,3,0,0.0,0.0,0.2
1354,2,0,0.3333333333333333,0.6,0.3
1355,1,0,0.6666666666666666,0.4,0.2
1356,3,1,1.0,0.8,0.6
1357,1,0,0.6666666666666666,0.4,0.6
1358,2,1,0.6666666666666666,0.4,0.4
1359,1,0,0.0,0.2,0.2
1360,1,1,0.3333333333333333,0.4,0.5
1361,2,1,1.0,0.8,0.5
1362,3,0,0.0,0.2,0.3
1363,0,0,0.0,0.0,0.2
1364,3,1,0.6666666666666666,0.8,0.5
1365,2,0,0.0,0.0,0.2
1366,2,0,0.0,0.2,0.1
1367,3,0,0.3333333333333333,0.2,0.3
1368,1,0,0.3333333333333333,0.4,0.4
1369,3,1,0.3333333333333333,0.2,0.2
1370,2,0,0.3333333333333333,0.4,0.4
1371,0,0,0.0,0.0,0.1
1372,1,0,0.3333333333333333,0.4,0.2
1373,0,0,0.3333333333333333,0.4,0.5
1374,2,0,0.6666666666666666,0.8,0.7
1375,2,0,0.0,0.0,0.2
1376,1,0,0.0,0.0,0.1
1377,3,0,0.0,0.0,0.5
1378,3,0,0.6666666666666666,0.6,0.6
1379,3,0,0.0,0.4,0.4
1380,2,1,0.3333333333333333,0.2,0.1
1381,0,1,0.3333333333333333,0.4,0.4
1382,0,1,0.3333333333333333,0.4,0.2
1383,3,1,0.6666666666666666,0.8,0.6
1384,2,0,0.3333333333333333,0.4,0.4
1385,3,0,0.3333333333333333,0.4,0.6
1386,0,0,0.3333333333333333,0.4,0.5
1387,3,0,0.3333333333333333,0.2,0.2
1388,1,1,0.3333333333333333,0.2,0.2
1389,3,1,0.3333333333333333,0.2,0.2
1390,2,0,0.3333333333333333,0.4,0.3
1391,1,0,0.3333333333333333,0.2,0.3
1392,0,1,1.0,0.8,0.7
1393,0,1,0.6666666666666666,0.4,0.2
1394,3,1,1.0,1.0,0.9
1395,1,1,0.3333333333333333,0.2,0.2
1396,1,1,0.6666666666666666,0.6,0.5
1397,3,0,0.3333333333333333,0.6,0.6
1398,2,0,0.0,0.0,0.0
1399,2,0,0.0,0.2,0.4
1400,1,0,0.0,0.0,0.1
1401,2,0,0.3333333333333333,0.4,0.3
1402,2,0,0.0,0.2,0.2
1403,2,0,0.3333333333333333,0.2,0.3
1404,0,1,0.6666666666666666,0.8,0.8
1405,1,1,0.6666666666666666,0.6,0.3
1406,1,1,0.3333333333333333,0.2,0.2
1407,0,0,0.3333333333333333,0.4,0.7
1408,2,0,0.0,0.2,0.4
1409,2,0,0.3333333333333333,0.4,0.3
1410,0,0,0.3333333333333333,0.4,0.7
1411,2,0,0.0,0.0,0.1
1412,2,0,0.3333333333333333,0.2,0.3
1413,0,0,0.0,0.0,0.2
1414,0,0,0.3333333333333333,0.4,0.5
1415,1,0,0.3333333333333333,0.2,0.3
1416,0,1,0.6666666666666666,0.6,0.6
1417,2,1,0.6666666666666666,0.4,0.5
1418,0,1,1.0,1.0,0.7
1419,1,1,0.3333333333333333,0.4,0.4
1420,3,1,0.6666666666666666,0.6,0.6
1421,3,1,0.6666666666666666,0.4,0.5
1422,0,0,0.3333333333333333,0.4,0.4
1423,1,0,0.0,0.2,0.3
1424,3,0,0.3333333333333333,0.2,0.3
1425,2,0,0.0,0.4,0.5
1426,1,0,0.0,0.0,0.1
1427,1,0,0.3333333333333333,0.2,0.3
1428,1,1,0.3333333333333333,0.4,0.4
1429,0,0,0.0,0.0,0.0
1430,2,0,0.3333333333333333,0.6,0.3
1431,3,0,0.3333333333333333,0.2,0.2
1432,0,0,0.0,0.0,0.1
1433,0,1,0.6666666666666666,0.6,0.7
1434,0,0,0.0,0.4,0.5
1435,1,1,0.3333333333333333,0.2,0.2
1436,1,0,0.6666666666666666,0.6,0.6
1437,2,0,0.6666666666666666,0.4,0.5
1438,1,1,0.6666666666666666,0.6,0.4
1439,2,0,0.3333333333333333,0.2,0.1
1440,3,1,1.0,1.0,1.0
1441,3,1,0.3333333333333333,0.4,0.2
1442,2,0,0.0,0.0,0.3
1443,0,1,0.3333333333333333,0.4,0.5
1444,2,0,0.3333333333333333,0.2,0.4
1445,1,1,0.3333333333333333,0.4,0.5
1446,1,0,0.3333333333333333,0.2,0.1
1447,3,0,0.6666666666666666,0.6,0.7
1448,0,0,0.0,0.2,0.1
1449,1,1,0.3333333333333333,0.2,0.2
1450,1,0,0.3333333333333333,0.4,0.4
1451,0,1,0.6666666666666666,0.8,0.7
1452,2,0,0.0,0.4,0.3
1453,3,0,0.0,0.2,0.4
1454,0,0,0.6666666666666666,0.6,0.5
1455,1,0,0.0,0.2,0.3
1456,0,1,0.3333333333333333,0.2,0.3
1457,3,1,1.0,0.8,0.6
1458,0,1,0.3333333333333333,0.4,0.2
1459,3,1,0.6666666666666666,0.6,0.5
1460,0,1,0.6666666666666666,0.4,0.6
1461,3,1,0.3333333333333333,0.4,0.3
1462,1,0,0.0,0.2,0.4
1463,2,0,0.3333333333333333,0.2,0.1
1464,2,0,0.0,0.0,0.1
1465,3,1,0.6666666666666666,0.6,0.6
1466,2,0,0.3333333333333333,0.6,0.4
1467,0,1,0.6666666666666666,0.6,0.7
1468,1,1,0.3333333333333333,0.2,0.2
1469,1,1,0.6666666666666666,0.6,0.5
1470,0,1,0.6666666666666666,0.8,0.7
1471,3,1,0.6666666666666666,0.6,0.7
1472,1,0,0.3333333333333333,0.4,0.2
1473,0,1,0.6666666666666666,0.6,0.6
1474,3,0,0.3333333333333333,0.4,0.5
1475,3,1,0.6666666666666666,0.6,0.6
1476,2,1,0.6666666666666666,0.8,0.5
1477,2,0,0.3333333333333333,0.4,0.5
1478,1,0,0.0,0.2,0.4
1479,1,0,0.3333333333333333,0.6,0.4
1480,1,1,1.0,0.8,0.4
1481,2,0,0.3333333333333333,0.4,0.2
1482,2,0,0.3333333333333333,0.4,0.2
1483,2,0,0.6666666666666666,0.4,0.3
1484,1,0,0.0,0.2,0.2
1485,3,1,0.3333333333333333,0.2,0.3
1486,3,0,0.0,0.2,0.3
1487,3,0,0.3333333333333333,0.6,0.3
1488,1,0,0.3333333333333333,0.2,0.4
1489,0,0,0.3333333333333333,0.6,0.5
1490,2,0,0.3333333333333333,0.2,0.2
1491,1,0,0.0,0.2,0.3
1492,2,0,0.0,0.2,0.2
1493,0,0,0.3333333333333333,0.4,0.2
1494,2,0,0.0,0.0,0.2
1495,0,1,0.3333333333333333,0.4,0.4
1496,0,0,0.6666666666666666,0.4,0.3
1497,2,0,0.3333333333333333,0.4,0.3
1498,1,0,0.0,0.0,0.2
1499,3,1,0.3333333333333333,0.4,0.7
1500,0,0,0.3333333333333333,0.2,0.2
1501,0,0,0.6666666666666666,0.6,0.4
1502,2,1,0.3333333333333333,0.2,0.1
1503,3,0,0.0,0.2,0.3
1504,0,0,0.6666666666666666,0.6,0.5
1505,2,1,0.3333333333333333,0.2,0.3
1506,0,0,0.3333333333333333,0.2,0.2
1507,0,1,0.3333333333333333,0.2,0.2
1508,3,1,1.0,0.8,0.8
1509,3,1,0.6666666666666666,0.6,0.3
1510,2,1,0.3333333333333333,0.2,0.1
1511,2,1,0.6666666666666666,0.4,0.4
1512,2,0,0.3333333333333333,0.2,0.2
1513,2,1,0.6666666666666666,0.6,0.5
1514,2,0,0.3333333333333333,0.2,0.2
1515,3,1,0.6666666666666666,0.6,0.5
1516,2,1,0.3333333333333333,0.4,0.3
1517,0,0,0.6666666666666666,0.4,0.5
1518,1,1,1.0,1.0,0.8
1519,1,0,0.0,0.0,0.3
1520,2,1,0.3333333333333333,0.2,0.1
1521,3,0,0.3333333333333333,0.2,0.1
1522,1,0,0.3333333333333333,0.2,0.2
1523,3,0,0.3333333333333333,0.4,0.4
1524,2,1,0.3333333333333333,0.2,0.1
1525,0,0,0.3333333333333333,0.2,0.1
1526,2,0,0.0,0.0,0.2
1527,3,1,0.3333333333333333,0.2,0.3
1528,2,0,0.0,0.0,0.2
1529,3,0,0.3333333333333333,0.2,0.2
1530,3,1,1.0,0.8,0.6
1531,1,1,0.6666666666666666,0.4,0.3
1532,1,1,0.6666666666666666,0.4,0.3
1533,3,0,0.0,0.2,0.2
1534,3,0,0.3333333333333333,0.6,0.5
1535,0,0,0.3333333333333333,0.2,0.2
1536,1,0,0.0,0.2,0.2
1537,2,0,0.3333333333333333,0.2,0.3
1538,2,1,0.6666666666666666,0.4,0.3
1539,3,1,0.3333333333333333,0.6,0.5
1540,3,0,0.0,0.0,0.0
1541,2,0,0.0,0.0,0.3
1542,3,0,0.3333333333333333,0.4,0.4
1543,0,1,0.6666666666666666,0.4,0.5
1544,0,1,0.6666666666666666,0.8,0.6
1545,3,0,0.3333333333333333,0.4,0.3
1546,1,0,0.0,0.0,0.0
1547,0,0,0.3333333333333333,0.4,0.6
1548,3,0,0.3333333333333333,0.4,0.7
1549,3,0,0.0,0.0,0.1
1550,0,1,0.6666666666666666,0.8,0.7
1551,3,1,0.6666666666666666,0.6,0.3
1552,0,1,0.3333333333333333,0.6,0.4
1553,1,0,0.3333333333333333,0.4,0.3
1554,2,0,0.0,0.0,0.2
1555,1,0,0.0,0.0,0.2
1556,2,0,0.0,0.0,0.1
1557,0,0,0.3333333333333333,0.6,0.5
1558,3,1,0.6666666666666666,0.4,0.2
1559,0,1,0.6666666666666666,0.8,0.8
1560,3,0,0.6666666666666666,0.6,0.5
1561,1,0,0.0,0.2,0.3
1562,0,0,0.3333333333333333,0.2,0.2
1563,2,0,0.0,0.2,0.2
1564,3,1,1.0,0.6,0.7
1565,0,1,0.6666666666666666,0.4,0.5
1566,0,1,0.3333333333333333,0.4,0.5
1567,2,0,0.0,0.0,0.2
1568,2,1,0.3333333333333333,0.6,0.3
1569,3,0,0.3333333333333333,0.6,0.8
1570,1,1,0.3333333333333333,0.4,0.3
1571,2,0,0.3333333333333333,0.2,0.3
1572,2,0,0.0,0.2,0.3
1573,2,0,0.6666666666666666,0.6,0.5
1574,3,0,0.3333333333333333,0.6,0.4
1575,2,0,0.0,0.0,0.2
1576,1,0,0.0,0.2,0.2
1577,2,0,0.0,0.0,0.2
1578,1,0,0.0,0.0,0.0
1579,1,0,0.0,0.0,0.2
1580,1,1,0.3333333333333333,0.4,0.2
1581,0,0,0.3333333333333333,0.4,0.6
1582,2,0,0.3333333333333333,0.4,0.4
1583,0,0,0.3333333333333333,0.4,0.5
1584,1,0,0.0,0.2,0.5
1585,3,1,0.6666666666666666,0.6,0.6
1586,0,1,1.0,0.8,0.7
1587,1,0,0.0,0.4,0.5
1588,0,1,0.3333333333333333,0.2,0.2
1589,2,0,0.0,0.2,0.1
1590,3,1,0.6666666666666666,0.4,0.4
1591,1,0,0.6666666666666666,0.6,0.3
1592,2,0,0.3333333333333333,0.2,0.2
1593,0,1,0.3333333333333333,0.4,0.5
1594,2,1,0.6666666666666666,0.6,0.3
1595,1,0,0.0,0.0,0.1
1596,3,0,0.6666666666666666,0.6,0.6
1597,2,0,0.6666666666666666,0.4,0.3
1598,1,0,0.0,0.2,0.4
1599,1,0,0.0,0.4,0.2
1600,3,1,1.0,0.8,0.7
1601,3,0,0.0,0.2,0.4
1602,1,0,0.0,0.2,0.1
1603,3,0,0.3333333333333333,0.4,0.2
1604,2,0,0.6666666666666666,0.6,0.3
1605,1,1,0.6666666666666666,0.4,0.3
1606,1,1,0.3333333333333333,0.4,0.2
1607,1,0,0.3333333333333333,0.4,0.2
1608,2,1,0.6666666666666666,0.6,0.4
1609,2,1,0.6666666666666666,0.6,0.4
1610,2,1,0.3333333333333333,0.4,0.4
1611,2,0,0.0,0.0,0.1
1612,0,0,0.3333333333333333,0.4,0.3
1613,3,0,0.0,0.0,0.0
1614,0,0,0.3333333333333333,0.4,0.4
1615,1,1,0.3333333333333333,0.4,0.6
1616,0,0,0.3333333333333333,0.4,0.6
1617,0,1,0.3333333333333333,0.2,0.3
1618,1,0,0.3333333333333333,0.2,0.1
1619,3,1,0.3333333333333333,0.4,0.6
1620,2,0,0.3333333333333333,0.2,0.3
1621,0,0,0.3333333333333333,0.4,0.3
1622,3,0,0.3333333333333333,0.4,0.4
1623,2,0,0.0,0.2,0.3
1624,3,1,0.3333333333333333,0.4,0.4
1625,2,0,0.3333333333333333,0.6,0.4
1626,1,0,0.0,0.0,0.1
1627,2,0,0.0,0.0,0.1
1628,1,0,0.0,0.0,0.2
1629,0,0,0.0,0.0,0.0
1630,2,1,0.3333333333333333,0.4,0.6
1631,1,1,0.6666666666666666,0.4,0.3
1632,2,0,0.0,0.0,0.5
1633,3,1,0.6666666666666666,0.4,0.5
1634,2,0,0.0,0.0,0.1
1635,2,1,0.6666666666666666,0.4,0.4
1636,1,1,0.3333333333333333,0.4,0.2
1637,0,1,0.6666666666666666,0.6,0.6
1638,0,0,0.3333333333333333,0.4,0.4
1639,0,0,0.0,0.2,0.4
1640,2,1,1.0,0.6,0.3
1641,0,0,0.3333333333333333,0.6,0.4
1642,0,0,0.3333333333333333,0.2,0.3
1643,1,0,0.0,0.2,0.4
1644,0,0,0.3333333333333333,0.2,0.3
1645,3,1,0.3333333333333333,0.2,0.3
1646,0,0,0.0,0.0,0.0
1647,3,0,0.0,0.0,0.0
1648,0,0,0.6666666666666666,0.4,0.4
1649,1,1,0.3333333333333333,0.4,0.3
1650,0,1,1.0,0.6,0.4
1651,2,0,0.3333333333333333,0.4,0.3
1652,3,0,0.6666666666666666,0.8,0.4
1653,3,0,0.0,0.0,0.1
1654,0,0,0.0,0.0,0.1
1655,2,1,0.6666666666666666,0.4,0.2
1656,1,0,0.0,0.4,0.4
1657,2,1,0.3333333333333333,0.4,0.3
1658,3,1,1.0,1.0,0.8
1659,2,0,0.0,0.0,0.1
1660,2,0,0.0,0.0,0.2
1661,2,1,0.3333333333333333,0.4,0.2
1662,0,0,0.0,0.0,0.2
1663,2,0,0.0,0.2,0.3
1664,1,0,0.0,0.2,0.3
1665,1,1,0.3333333333333333,0.2,0.1
1666,0,0,0.0,0.0,0.2
1667,3,1,0.6666666666666666,0.4,0.5
1668,3,0,0.0,0.2,0.2
1669,0,0,0.0,0.2,0.2
1670,1,1,0.3333333333333333,0.4,0.4
1671,1,1,1.0,0.6,0.5
1672,0,0,0.0,0.2,0.3
1673,0,0,0.6666666666666666,0.6,0.5
1674,0,0,0.3333333333333333,0.6,0.6
1675,0,0,0.3333333333333333,0.2,0.2
1676,2,0,0.3333333333333333,0.4,0.5
1677,2,1,0.3333333333333333,0.2,0.1
1678,1,1,0.3333333333333333,0.2,0.3
1679,0,1,1.0,0.8,0.6
1680,1,0,0.3333333333333333,0.4,0.3
1681,1,1,0.3333333333333333,0.2,0.4
1682,3,1,0.3333333333333333,0.2,0.3
1683,3,1,0.3333333333333333,0.6,0.5
1684,0,1,0.3333333333333333,0.2,0.1
1685,3,0,0.0,0.0,0.1
1686,0,1,0.6666666666666666,0.6,0.6
1687,3,0,0.0,0.0,0.3
1688,2,1,0.3333333333333333,0.2,0.3
1689,2,0,0.0,0.2,0.2
1690,2,1,0.3333333333333333,0.4,0.3
1691,2,0,0.3333333333333333,0.4,0.3
1692,3,0,0.3333333333333333,0.4,0.5
1693,3,1,0.6666666666666666,0.4,0.6
1694,0,1,1.0,0.8,0.6
1695,3,0,0.0,0.0,0.2
1696,0,0,0.3333333333333333,0.4,0.4
1697,2,0,0.3333333333333333,0.6,0.5
1698,0,0,0.6666666666666666,0.4,0.3
1699,0,0,0.0,0.0,0.0
1700,2,1,0.6666666666666666,0.8,0.4
1701,2,1,0.3333333333333333,0.2,0.2
1702,2,1,0.3333333333333333,0.2,0.1
1703,0,1,0.3333333333333333,0.2,0.3
1704,1,1,0.3333333333333333,0.4,0.4
1705,1,1,0.3333333333333333,0.4,0.3
1706,1,0,0.3333333333333333,0.2,0.3
1707,0,0,0.0,0.2,0.1
1708,2,1,0.6666666666666666,0.6,0.3
1709,1,0,0.3333333333333333,0.2,0.3
1710,3,1,0.6666666666666666,0.6,0.5
1711,2,1,0.3333333333333333,0.4,0.3
1712,1,0,0.0,0.2,0.2
1713,2,0,0.0,0.0,0.1
1714,2,0,0.3333333333333333,0.2,0.1
1715,1,0,0.0,0.0,0.1
1716,1,1,0.6666666666666666,0.6,0.4
1717,3,0,0.3333333333333333,0.2,0.2
1718,2,0,0.0,0.0,0.1
1719,3,0,0.6666666666666666,0.8,0.6
1720,3,0,0.6666666666666666,0.6,0.7
1721,3,0,0.3333333333333333,0.4,0.4
1722,3,1,0.6666666666666666,0.8,0.5
1723,2,1,0.6666666666666666,0.6,0.6
1724,2,1,0.3333333333333333,0.4,0.2
1725,1,0,0.0,0.2,0.3
1726,3,0,0.3333333333333333,0.6,0.6
1727,3,1,0.6666666666666666,0.8,0.7
1728,0,0,0.3333333333333333,0.2,0.2
1729,2,1,0.6666666666666666,0.4,0.4
1730,3,0,0.0,0.2,0.3
1731,0,0,0.0,0.0,0.2
1732,1,0,0.0,0.0,0.4
1733,0,0,0.3333333333333333,0.2,0.1
1734,0,1,0.3333333333333333,0.6,0.6
1735,0,0,0.3333333333333333,0.2,0.2
1736,1,0,0.3333333333333333,0.2,0.3
1737,2,0,0.0,0.0,0.1
1738,1,1,1.0,1.0,0.6
1739,2,0,0.0,0.4,0.5
1740,3,0,0.0,0.0,0.1
1741,2,0,0.3333333333333333,0.2,0.2
1742,2,0,0.0,0.0,0.1
1743,0,0,0.3333333333333333,0.4,0.3
1744,2,1,0.6666666666666666,0.4,0.4
1745,3,1,0.6666666666666666,0.8,0.6
1746,2,0,0.0,0.2,0.4
1747,3,0,0.0,0.2,0.4
1748,0,0,0.3333333333333333,0.2,0.2
1749,2,1,1.0,0.8,0.5
1750,1,1,0.6666666666666666,0.6,0.4
1751,0,0,0.3333333333333333,0.4,0.4
1752,0,0,0.3333333333333333,0.2,0.3
1753,0,0,0.6666666666666666,0.6,0.8
1754,0,0,0.3333333333333333,0.2,0.5
1755,2,0,0.3333333333333333,0.4,0.6
1756,0,1,0.6666666666666666,0.4,0.3
1757,0,1,0.6666666666666666,0.6,0.4
1758,0,1,0.6666666666666666,0.8,0.5
1759,3,0,0.3333333333333333,0.4,0.5
1760,2,0,0.0,0.0,0.1
1761,1,0,0.0,0.2,0.2
1762,3,1,0.6666666666666666,0.8,0.5
1763,2,0,0.0,0.0,0.1
1764,2,0,0.3333333333333333,0.2,0.4
1765,0,1,0.6666666666666666,0.4,0.2
1766,1,0,0.3333333333333333,0.4,0.3
1767,2,0,0.0,0.2,0.2
1768,1,1,0.3333333333333333,0.2,0.4
1769,0,1,0.6666666666666666,0.4,0.4
1770,0,1,0.3333333333333333,0.4,0.5
1771,0,0,0.6666666666666666,0.6,0.6
1772,2,0,0.0,0.0,0.2
1773,1,0,0.0,0.4,0.3
1774,1,1,0.3333333333333333,0.4,0.4
1775,3,0,0.0,0.0,0.2
1776,1,0,0.3333333333333333,0.2,0.1
1777,1,1,0.6666666666666666,0.6,0.6
1778,1,0,0.6666666666666666,0.6,0.4
1779,3,1,0.3333333333333333,0.4,0.3
1780,2,0,0.0,0.2,0.3
1781,2,0,0.3333333333333333,0.4,0.3
1782,0,1,0.3333333333333333,0.6,0.7
1783,1,0,0.6666666666666666,0.4,0.4
1784,2,0,0.3333333333333333,0.4,0.2
1785,2,0,0.6666666666666666,0.4,0.4
1786,0,0,0.0,0.2,0.2
1787,0,0,0.3333333333333333,0.4,0.4
1788,3,0,0.0,0.2,0.1
1789,1,0,0.0,0.0,0.2
1790,2,0,0.3333333333333333,0.4,0.2
1791,0,1,1.0,0.8,0.6
1792,2,0,0.6666666666666666,0.6,0.3
1793,2,0,0.0,0.0,0.2
1794,1,0,0.0,0.0,0.0
1795,1,0,0.0,0.0,0.1
1796,0,1,1.0,1.0,0.6
1797,1,0,0.0,0.4,0.4
1798,1,0,0.3333333333333333,0.6,0.5
1799,2,1,0.6666666666666666,0.6,0.4
1800,1,0,0.6666666666666666,0.6,0.3
1801,2,0,0.0,0.2,0.3
1802,0,1,0.3333333333333333,0.4,0.5
1803,1,1,0.6666666666666666,0.4,0.4
1804,0,1,1.0,1.0,0.6
1805,1,1,0.6666666666666666,0.6,0.5
1806,3,1,0.6666666666666666,0.6,0.5
1807,2,0,0.0,0.0,0.1
1808,3,1,0.6666666666666666,0.6,0.5
1809,2,1,0.3333333333333333,0.2,0.2
1810,3,0,0.3333333333333333,0.4,0.3
1811,2,1,0.3333333333333333,0.2,0.3
1812,2,1,0.6666666666666666,0.4,0.2
1813,3,0,0.0,0.2,0.3
1814,0,1,0.6666666666666666,0.6,0.5
1815,2,0,0.0,0.2,0.2
1816,3,0,0.0,0.2,0.4
1817,0,0,0.3333333333333333,0.2,0.3
1818,1,1,0.3333333333333333,0.4,0.3
1819,1,0,0.0,0.0,0.2
1820,0,0,0.0,0.0,0.3
1821,1,0,0.0,0.2,0.3
1822,3,1,0.3333333333333333,0.2,0.2
1823,1,0,0.3333333333333333,0.4,0.3
1824,3,1,1.0,0.8,0.6
1825,2,0,0.6666666666666666,0.6,0.3
1826,0,1,1.0,1.0,0.7
1827,0,1,0.6666666666666666,0.6,0.3
1828,1,1,0.3333333333333333,0.4,0.4
1829,1,0,0.6666666666666666,0.4,0.2
1830,2,0,0.3333333333333333,0.2,0.3
1831,0,0,0.3333333333333333,0.4,0.2
1832,0,1,0.6666666666666666,0.4,0.4
1833,2,1,0.3333333333333333,0.2,0.3
1834,0,0,0.0,0.2,0.2
1835,2,0,0.3333333333333333,0.4,0.5
1836,2,1,0.6666666666666666,0.4,0.2
1837,2,0,0.0,0.0,0.2
1838,3,0,0.3333333333333333,0.4,0.5
1839,2,1,0.3333333333333333,0.4,0.4
1840,0,0,0.3333333333333333,0.2,0.1
1841,1,0,0.3333333333333333,0.4,0.4
1842,1,1,1.0,0.6,0.3
1843,0,0,0.6666666666666666,0.8,0.4
1844,2,0,0.0,0.0,0.2
1845,2,1,0.6666666666666666,0.6,0.5
1846,2,0,0.3333333333333333,0.6,0.5
1847,0,0,0.0,0.2,0.5
1848,0,1,1.0,1.0,0.8
1849,1,1,0.6666666666666666,0.4,0.4
1850,3,1,0.6666666666666666,0.4,0.4
1851,2,0,0.3333333333333333,0.2,0.1
1852,2,0,0.3333333333333333,0.2,0.1
1853,0,0,0.3333333333333333,0.6,0.4
1854,2,0,0.6666666666666666,0.4,0.4
1855,2,0,0.3333333333333333,0.4,0.5
1856,0,0,0.0,0.4,0.6
1857,1,0,0.0,0.2,0.2
1858,1,0,0.0,0.2,0.2
1859,0,1,0.3333333333333333,0.4,0.3
1860,0,0,0.3333333333333333,0.2,0.2
1861,2,0,0.0,0.2,0.3
1862,2,0,0.0,0.0,0.2
1863,3,1,0.6666666666666666,0.4,0.3
1864,0,0,0.3333333333333333,0.4,0.2
1865,2,1,0.3333333333333333,0.4,0.5
1866,2,1,0.6666666666666666,0.4,0.2
1867,1,0,0.0,0.2,0.2
1868,2,0,0.0,0.4,0.2
1869,0,0,0.0,0.2,0.2
1870,2,1,0.6666666666666666,0.4,0.3
1871,2,1,0.6666666666666666,0.6,0.5
1872,0,0,0.3333333333333333,0.4,0.4
1873,3,0,0.0,0.2,0.3
1874,1,0,0.0,0.4,0.2
1875,0,1,0.6666666666666666,0.4,0.4
1876,0,1,0.6666666666666666,0.8,0.6
1877,0,1,0.3333333333333333,0.4,0.5
1878,1,0,0.0,0.0,0.1
1879,3,0,0.3333333333333333,0.6,0.8
1880,1,1,0.3333333333333333,0.4,0.3
1881,0,1,0.6666666666666666,0.6,0.4
1882,0,1,0.6666666666666666,0.6,0.4
1883,1,1,1.0,0.8,0.7
1884,3,0,0.0,0.2,0.4
1885,3,0,0.3333333333333333,0.2,0.3
1886,1,0,0.6666666666666666,0.8,0.5
1887,0,0,0.0,0.0,0.0
1888,3,0,0.3333333333333333,0.2,0.3
1889,3,0,0.6666666666666666,0.6,0.7
1890,0,1,0.3333333333333333,0.6,0.5
1891,3,0,0.0,0.0,0.2
1892,1,1,0.6666666666666666,0.4,0.3
1893,1,0,0.3333333333333333,0.4,0.4
1894,3,0,0.0,0.2,0.2
1895,2,0,0.0,0.0,0.2
1896,3,1,0.6666666666666666,0.6,0.5
1897,3,0,0.6666666666666666,0.6,0.4
1898,1,0,0.0,0.0,0.1
1899,3,1,1.0,0.8,0.8
1900,1,0,0.6666666666666666,0.4,0.3
1901,1,0,0.3333333333333333,0.2,0.3
1902,2,0,0.3333333333333333,0.4,0.3
1903,3,1,1.0,0.8,0.7
1904,3,0,0.3333333333333333,0.2,0.2
1905,2,1,0.3333333333333333,0.4,0.4
1906,3,0,0.0,0.0,0.1
1907,1,0,0.3333333333333333,0.6,0.3
1908,1,0,0.6666666666666666,0.4,0.4
1909,1,1,0.3333333333333333,0.4,0.2
1910,1,0,0.3333333333333333,0.2,0.4
1911,1,0,0.3333333333333333,0.6,0.5
1912,1,1,0.3333333333333333,0.2,0.2
1913,1,0,0.3333333333333333,0.4,0.6
1914,0,0,0.3333333333333333,0.6,0.5
1915,1,0,0.3333333333333333,0.2,0.1
1916,2,0,0.0,0.2,0.1
1917,2,0,0.0,0.0,0.1
1918,1,0,0.3333333333333333,0.4,0.3
1919,3,1,0.3333333333333333,0.4,0.5
1920,2,0,0.3333333333333333,0.2,0.2
1921,1,1,0.3333333333333333,0.2,0.2
1922,0,0,0.0,0.0,0.2
1923,3,0,0.3333333333333333,0.2,0.3
1924,2,0,0.3333333333333333,0.2,0.2
1925,2,0,0.0,0.4,0.3
1926,3,1,0.6666666666666666,0.6,0.6
1927,2,0,0.6666666666666666,0.8,0.7
1928,1,0,0.0,0.0,0.1
1929,1,1,0.3333333333333333,0.2,0.2
1930,1,1,0.3333333333333333,0.4,0.6
1931,2,0,0.3333333333333333,0.4,0.2
1932,0,0,0.0,0.0,0.1
1933,1,1,0.6666666666666666,0.6,0.5
1934,3,0,0.0,0.0,0.1
1935,2,0,0.3333333333333333,0.2,0.3
1936,2,0,0.0,0.0,0.0
1937,3,1,0.3333333333333333,0.2,0.4
1938,3,1,0.6666666666666666,0.4,0.5
1939,3,1,1.0,0.8,0.6
1940,3,0,0.3333333333333333,0.2,0.1
1941,1,0,0.0,0.2,0.1
1942,3,1,0.6666666666666666,0.8,0.6
1943,1,1,0.3333333333333333,0.2,0.2
1944,2,0,0.3333333333333333,0.6,0.5
1945,1,0,0.0,0.4,0.5
1946,2,1,0.6666666666666666,0.6,0.3
1947,1,0,0.3333333333333333,0.6,0.5
1948,0,0,0.3333333333333333,0.6,0.6
1949,2,0,0.3333333333333333,0.4,0.4
1950,3,1,0.3333333333333333,0.2,0.5
1951,2,0,0.0,0.0,0.1
1952,0,1,0.3333333333333333,0.2,0.4
1953,1,0,0.3333333333333333,0.4,0.4
1954,0,1,1.0,0.8,0.5
1955,2,0,0.0,0.0,0.1
1956,2,0,0.3333333333333333,0.2,0.3
1957,2,1,0.6666666666666666,0.6,0.4
1958,0,0,0.0,0.0,0.1
1959,0,1,1.0,1.0,0.9
1960,3,1,0.3333333333333333,0.4,0.2
1961,2,0,0.3333333333333333,0.2,0.4
1962,1,0,0.6666666666666666,0.6,0.5
1963,3,1,1.0,0.8,0.6
1964,3,0,0.6666666666666666,0.6,0.5
1965,1,1,0.3333333333333333,0.2,0.2
1966,1,1,0.3333333333333333,0.2,0.3
1967,3,1,0.6666666666666666,0.8,0.9
1968,1,1,0.6666666666666666,0.6,0.6
1969,3,1,1.0,0.8,0.7
1970,2,1,0.3333333333333333,0.4,0.2
1971,2,1,0.6666666666666666,0.6,0.5
1972,1,0,0.3333333333333333,0.2,0.2
1973,1,0,0.0,0.0,0.2
1974,3,0,0.0,0.2,0.3
1975,3,1,0.3333333333333333,0.4,0.5
1976,2,1,0.6666666666666666,0.6,0.4
1977,3,1,0.6666666666666666,0.6,0.3
1978,3,1,0.6666666666666666,0.4,0.4
1979,1,0,0.0,0.0,0.1
1980,3,1,1.0,0.8,0.7
1981,0,0,0.3333333333333333,0.4,0.5
1982,1,0,0.3333333333333333,0.2,0.3
1983,1,1,0.6666666666666666,0.4,0.5
1984,1,1,0.6666666666666666,0.4,0.4
1985,0,1,1.0,1.0,0.9
1986,1,0,0.3333333333333333,0.2,0.2
1987,0,1,0.6666666666666666,0.6,0.7
1988,2,0,0.0,0.2,0.2
1989,2,1,0.3333333333333333,0.2,0.4
1990,3,0,0.3333333333333333,0.2,0.2
1991,1,0,0.3333333333333333,0.4,0.2
1992,0,0,0.0,0.2,0.3
1993,2,0,0.3333333333333333,0.4,0.4
1994,2,0,0.0,0.2,0.1
1995,2,0,0.3333333333333333,0.4,0.3
1996,2,1,0.6666666666666666,0.4,0.4
1997,2,0,0.0,0.0,0.3
1998,0,1,0.6666666666666666,0.4,0.3
1999,2,0,0.0,0.2,0.2
2000,0,0,0.0,0.2,0.3
2001,3,0,0.0,0.0,0.0
2002,2,0,0.3333333333333333,0.4,0.2
2003,3,0,0.3333333333333333,0.6,0.5
2004,1,1,0.3333333333333333,0.6,0.5
2005,0,1,1.0,0.6,0.7
2006,1,0,0.0,0.2,0.4
2007,3,0,0.0,0.0,0.2
2008,3,0,0.0,0.2,0.3
2009,0,1,0.6666666666666666,0.6,0.4
2010,1,0,0.3333333333333333,0.4,0.3
2011,1,0,0.0,0.0,0.5
2012,3,0,0.0,0.2,0.2
2013,1,0,0.0,0.0,0.1
2014,2,1,0.6666666666666666,0.6,0.4
2015,2,0,0.3333333333333333,0.2,0.1
2016,0,0,0.0,0.0,0.3
2017,2,1,0.3333333333333333,0.2,0.3
2018,1,0,0.3333333333333333,0.2,0.1
2019,2,0,0.0,0.2,0.2
2020,0,0,0.0,0.2,0.3
2021,2,1,1.0,0.6,0.5
2022,0,0,0.3333333333333333,0.2,0.2
2023,3,0,0.0,0.0,0.2
2024,3,0,0.0,0.4,0.3
2025,0,0,0.6666666666666666,0.4,0.5
2026,0,0,0.3333333333333333,0.6,0.7
2027,2,1,0.6666666666666666,0.4,0.4
2028,3,1,1.0,0.8,0.5
2029,2,1,0.3333333333333333,0.4,0.5
2030,1,1,0.3333333333333333,0.4,0.2
2031,0,0,0.0,0.0,0.1
2032,3,1,1.0,1.0,0.9
2033,0,1,0.3333333333333333,0.6,0.5
2034,0,1,0.6666666666666666,0.6,0.5
2035,2,0,0.3333333333333333,0.2,0.2
2036,3,0,0.0,0.0,0.0
2037,0,0,0.0,0.4,0.5
2038,1,1,0.6666666666666666,0.4,0.2
2039,1,0,0.3333333333333333,0.2,0.4
2040,0,1,1.0,0.8,0.6
2041,3,1,0.3333333333333333,0.4,0.5
2042,3,1,0.3333333333333333,0.2,0.1
2043,0,0,0.0,0.0,0.1
2044,1,0,0.0,0.2,0.3
2045,1,0,0.3333333333333333,0.4,0.2
2046,3,1,0.6666666666666666,0.4,0.3
2047,0,1,0.6666666666666666,0.6,0.7
2048,1,0,0.3333333333333333,0.4,0.4
2049,0,1,0.6666666666666666,0.4,0.4
2050,2,1,0.6666666666666666,0.6,0.4
2051,0,0,0.0,0.0,0.0
2052,0,0,0.0,0.0,0.0
2053,3,0,0.3333333333333333,0.4,0.4
2054,0,0,0.0,0.2,0.2
2055,2,0,0.0,0.0,0.3
2056,0,1,0.6666666666666666,0.6,0.8
2057,1,1,0.3333333333333333,0.4,0.4
2058,0,0,0.3333333333333333,0.4,0.3
2059,1,0,0.3333333333333333,0.4,0.3
2060,1,1,0.3333333333333333,0.4,0.3
2061,0,1,1.0,1.0,0.9
2062,1,0,0.0,0.2,0.2
2063,2,0,0.0,0.2,0.3
2064,3,1,0.3333333333333333,0.2,0.2
2065,3,1,0.3333333333333333,0.4,0.3
2066,3,0,0.0,0.2,0.4
2067,3,1,0.3333333333333333,0.2,0.2
2068,0,0,0.0,0.2,0.2
2069,0,1,1.0,0.8,0.5
2070,0,0,0.0,0.0,0.3
2071,2,0,0.0,0.0,0.2
2072,1,0,0.3333333333333333,0.6,0.5
2073,2,1,0.3333333333333333,0.4,0.4
2074,1,0,0.0,0.0,0.3
2075,0,1,0.3333333333333333,0.4,0.3
2076,2,0,0.0,0.0,0.1
2077,3,1,0.3333333333333333,0.6,0.5
2078,2,0,0.6666666666666666,0.4,0.3
2079,3,1,0.6666666666666666,0.6,0.6
2080,0,1,0.3333333333333333,0.2,0.3
2081,0,0,0.3333333333333333,0.4,0.2
2082,3,1,1.0,1.0,0.7
2083,2,0,0.3333333333333333,0.2,0.4
2084,2,0,0.3333333333333333,0.4,0.5
2085,3,1,0.6666666666666666,0.6,0.4
2086,3,0,0.6666666666666666,0.6,0.5
2087,2,0,0.0,0.2,0.3
2088,2,0,0.6666666666666666,0.4,0.3
2089,2,0,0.3333333333333333,0.2,0.2
2090,2,0,0.3333333333333333,0.2,0.1
2091,1,0,0.0,0.0,0.4
2092,1,0,0.0,0.0,0.3
2093,3,0,0.3333333333333333,0.2,0.2
2094,1,0,0.0,0.2,0.2
2095,3,0,0.3333333333333333,0.2,0.1
2096,2,0,0.6666666666666666,0.4,0.5
2097,3,1,0.3333333333333333,0.4,0.4
2098,0,0,0.6666666666666666,0.6,0.4
2099,1,1,0.3333333333333333,0.2,0.1
2100,1,0,0.0,0.4,0.5
2101,2,0,0.0,0.2,0.3
2102,1,1,0.3333333333333333,0.2,0.4
2103,1,1,0.6666666666666666,0.4,0.4
2104,3,0,0.3333333333333333,0.4,0.4
2105,3,0,0.0,0.0,0.0
2106,3,0,0.0,0.2,0.3
2107,3,1,1.0,0.8,0.4
2108,0,1,1.0,0.6,0.5
2109,3,0,0.0,0.0,0.3
2110,3,1,0.3333333333333333,0.2,0.1
2111,3,1,0.6666666666666666,0.6,0.6
2112,1,0,0.3333333333333333,0.6,0.3
2113,1,0,0.0,0.2,0.2
2114,0,0,0.3333333333333333,0.2,0.3
2115,3,1,0.6666666666666666,0.8,0.8
2116,1,0,0.0,0.2,0.1
2117,1,0,0.0,0.2,0.3
2118,2,0,0.3333333333333333,0.4,0.2
2119,1,0,0.6666666666666666,0.8,0.4
2120,1,1,1.0,0.8,0.5
2121,2,1,0.6666666666666666,0.6,0.4
2122,0,0,0.3333333333333333,0.2,0.2
2123,3,0,0.3333333333333333,0.6,0.6
2124,1,1,0.6666666666666666,0.8,0.8
2125,2,0,0.0,0.2,0.4
2126,2,1,0.3333333333333333,0.2,0.3
2127,3,0,0.3333333333333333,0.2,0.5
2128,2,1,0.6666666666666666,0.4,0.3
2129,2,1,0.3333333333333333,0.6,0.4
2130,0,1,0.6666666666666666,0.8,0.8
2131,2,0,0.0,0.0,0.0
2132,3,1,0.3333333333333333,0.4,0.7
2133,0,0,0.0,0.2,0.1
2134,1,0,0.6666666666666666,0.4,0.5
2135,0,1,0.3333333333333333,0.4,0.3
2136,0,0,0.0,0.2,0.2
2137,0,0,0.0,0.2,0.2
2138,1,0,0.0,0.2,0.3
2139,0,0,0.0,0.2,0.2
2140,3,0,0.0,0.2,0.6
2141,0,1,0.6666666666666666,0.4,0.4
2142,3,0,0.3333333333333333,0.4,0.3
2143,1,0,0.0,0.0,0.1
2144,3,1,0.6666666666666666,0.4,0.4
2145,1,1,0.6666666666666666,0.4,0.4
2146,3,1,0.3333333333333333,0.2,0.4
2147,2,1,0.3333333333333333,0.2,0.1
2148,2,1,0.3333333333333333,0.2,0.2
2149,3,0,0.3333333333333333,0.4,0.4
2150,2,0,0.0,0.2,0.2
2151,0,1,0.3333333333333333,0.2,0.5
2152,3,1,0.6666666666666666,0.4,0.4
2153,0,0,0.3333333333333333,0.4,0.5
2154,0,1,0.3333333333333333,0.2,0.2
2155,1,1,0.6666666666666666,0.8,0.5
2156,1,0,0.6666666666666666,0.4,0.3
2157,0,0,0.0,0.2,0.4
2158,3,0,0.3333333333333333,0.2,0.1
2159,0,0,0.0,0.2,0.1
2160,0,1,1.0,1.0,0.9
2161,3,0,0.0,0.0,0.1
2162,3,0,0.3333333333333333,0.2,0.3
2163,2,0,0.0,0.4,0.3
2164,0,0,0.0,0.2,0.1
2165,0,1,1.0,0.6,0.7
2166,2,0,0.0,0.2,0.3
2167,2,0,0.0,0.2,0.1
2168,1,1,1.0,0.6,0.3
2169,2,0,0.6666666666666666,0.8,0.5
2170,1,0,0.3333333333333333,0.2,0.4
2171,1,1,0.6666666666666666,0.6,0.3
2172,0,0,0.6666666666666666,0.6,0.6
2173,1,1,0.3333333333333333,0.2,0.3
2174,3,1,0.3333333333333333,0.2,0.4
2175,0,0,0.3333333333333333,0.2,0.2
2176,1,0,0.6666666666666666,0.4,0.3
2177,1,0,0.6666666666666666,0.8,0.4
2178,1,0,0.0,0.2,0.2
2179,0,0,0.3333333333333333,0.2,0.3
2180,3,1,1.0,1.0,0.8
2181,1,1,0.6666666666666666,0.6,0.5
2182,2,0,0.6666666666666666,0.4,0.4
2183,0,1,0.6666666666666666,0.6,0.6
2184,2,0,0.3333333333333333,0.2,0.3
2185,3,0,0.0,0.0,0.0
2186,0,1,0.6666666666666666,0.4,0.3
2187,3,1,0.6666666666666666,0.6,0.6
2188,0,1,0.6666666666666666,0.6,0.6
2189,0,1,0.3333333333333333,0.6,0.5
2190,1,1,0.6666666666666666,0.4,0.4
2191,1,0,0.0,0.2,0.2
2192,0,1,0.6666666666666666,0.6,0.6
2193,3,0,0.6666666666666666,0.6,0.5
2194,3,1,0.6666666666666666,0.6,0.6
2195,0,0,0.6666666666666666,0.6,0.5
2196,2,0,0.3333333333333333,0.4,0.2
2197,0,0,0.0,0.2,0.3
2198,1,0,0.3333333333333333,0.4,0.3
2199,1,0,0.3333333333333333,0.2,0.3
2200,0,0,0.0,0.4,0.3
2201,1,0,0.0,0.2,0.1
2202,1,0,0.0,0.4,0.4
2203,0,1,0.3333333333333333,0.4,0.3
2204,3,1,0.6666666666666666,0.4,0.6
2205,0,0,0.3333333333333333,0.2,0.2
2206,2,1,0.6666666666666666,0.4,0.2
2207,0,0,0.6666666666666666,0.8,0.6
2208,3,1,0.6666666666666666,0.6,0.5
2209,1,0,0.0,0.2,0.2
2210,1,1,0.3333333333333333,0.2,0.2
2211,1,0,0.0,0.0,0.3
2212,1,0,0.3333333333333333,0.2,0.1
2213,1,0,0.3333333333333333,0.2,0.5
2214,0,0,0.3333333333333333,0.2,0.3
2215,0,1,0.6666666666666666,0.4,0.6
2216,3,0,0.0,0.2,0.4
2217,3,0,0.0,0.0,0.1
2218,3,1,0.3333333333333333,0.6,0.6
2219,1,0,0.0,0.0,0.0
2220,1,1,0.6666666666666666,0.6,0.3
2221,1,0,0.6666666666666666,0.6,0.4
2222,1,0,0.0,0.0,0.2
2223,2,0,0.0,0.4,0.4
2224,0,0,0.0,0.2,0.3
2225,0,0,0.0,0.2,0.3
2226,1,1,0.6666666666666666,0.6,0.4
2227,0,0,0.0,0.0,0.4
2228,3,1,0.3333333333333333,0.2,0.1
2229,1,0,0.3333333333333333,0.4,0.4
2230,3,1,0.6666666666666666,0.6,0.4
2231,0,0,0.0,0.2,0.3
2232,2,0,0.3333333333333333,0.4,0.3
2233,2,1,0.3333333333333333,0.4,0.2
2234,2,0,0.3333333333333333,0.4,0.4
2235,1,0,0.0,0.4,0.3
2236,3,0,0.0,0.0,0.2
2237,2,0,0.6666666666666666,0.4,0.2
2238,2,0,0.0,0.2,0.1
2239,0,0,0.0,0.2,0.1
2240,1,0,0.6666666666666666,0.4,0.4
2241,0,1,0.6666666666666666,0.8,0.8
2242,1,0,0.0,0.0,0.3
2243,3,0,0.0,0.0,0.0
2244,1,0,0.3333333333333333,0.4,0.2
2245,3,0,0.6666666666666666,0.6,0.5
2246,3,0,0.0,0.2,0.2
2247,3,0,0.6666666666666666,0.4,0.3
2248,1,0,0.0,0.2,0.3
2249,2,0,0.3333333333333333,0.4,0.4
2250,1,0,0.0,0.2,0.3
2251,0,0,0.0,0.0,0.1
2252,0,1,0.6666666666666666,0.8,0.5
2253,1,1,0.6666666666666666,0.6,0.4
2254,2,0,0.3333333333333333,0.4,0.5
2255,2,1,0.6666666666666666,0.6,0.5
2256,1,1,0.3333333333333333,0.4,0.3
2257,0,0,0.3333333333333333,0.2,0.4
2258,0,1,1.0,0.6,0.6
2259,0,0,0.0,0.0,0.0
2260,1,0,0.6666666666666666,0.6,0.5
2261,1,0,0.0,0.0,0.2
2262,2,0,0.0,0.0,0.2
2263,2,0,0.0,0.0,0.1
2264,2,0,0.3333333333333333,0.4,0.4
2265,3,0,0.3333333333333333,0.4,0.2
2266,0,0,0.3333333333333333,0.2,0.1
2267,2,0,0.0,0.2,0.3
2268,2,0,0.6666666666666666,0.4,0.5
2269,1,0,0.0,0.2,0.2
2270,1,0,0.0,0.0,0.2
2271,2,1,0.3333333333333333,0.2,0.1
2272,1,0,0.0,0.2,0.4
2273,2,0,0.0,0.0,0.0
2274,0,0,0.0,0.2,0.1
2275,0,0,0.3333333333333333,0.2,0.2
2276,3,0,0.3333333333333333,0.2,0.3
2277,0,1,0.6666666666666666,0.4,0.4
2278,0,1,0.6666666666666666,0.6,0.6
2279,2,0,0.3333333333333333,0.2,0.1
2280,1,0,0.6666666666666666,0.8,0.6
2281,0,0,0.3333333333333333,0.2,0.2
2282,3,0,0.3333333333333333,0.6,0.5
2283,0,0,0.6666666666666666,0.6,0.6
2284,0,0,0.0,0.2,0.5
2285,2,0,0.0,0.0,0.1
2286,0,1,0.6666666666666666,0.4,0.4
2287,2,1,0.3333333333333333,0.2,0.3
2288,0,0,0.6666666666666666,0.6,0.7
2289,1,0,0.0,0.2,0.2
2290,1,0,0.0,0.2,0.4
2291,1,0,0.3333333333333333,0.4,0.7
2292,1,0,0.0,0.2,0.2
2293,3,1,0.3333333333333333,0.2,0.1
2294,0,0,0.3333333333333333,0.4,0.2
2295,3,0,0.0,0.0,0.2
2296,0,0,0.3333333333333333,0.6,0.5
2297,3,1,0.6666666666666666,0.4,0.4
2298,2,0,0.0,0.2,0.2
2299,2,1,0.3333333333333333,0.2,0.3
2300,1,0,0.6666666666666666,0.4,0.3
2301,1,0,0.0,0.2,0.3
2302,0,1,0.6666666666666666,0.6,0.5
2303,2,0,0.3333333333333333,0.2,0.3
2304,1,1,0.3333333333333333,0.4,0.5
2305,2,1,0.6666666666666666,0.4,0.2
2306,0,0,0.0,0.0,0.1
2307,3,0,0.0,0.2,0.2
2308,1,1,0.6666666666666666,0.4,0.3
2309,2,0,0.0,0.2,0.2
2310,3,0,0.3333333333333333,0.2,0.4
2311,3,0,0.0,0.2,0.1
2312,0,1,0.3333333333333333,0.4,0.4
2313,0,0,0.3333333333333333,0.4,0.3
2314,1,0,0.3333333333333333,0.4,0.4
2315,0,1,1.0,0.6,0.6
2316,0,0,0.3333333333333333,0.4,0.2
2317,1,0,0.0,0.2,0.2
2318,0,1,0.6666666666666666,0.4,0.3
2319,3,0,0.3333333333333333,0.6,0.6
2320,3,0,0.6666666666666666,0.6,0.7
2321,0,1,1.0,0.8,0.5
2322,1,1,0.3333333333333333,0.4,0.3
2323,3,1,0.3333333333333333,0.2,0.2
2324,0,0,0.3333333333333333,0.6,0.4
2325,0,0,0.0,0.0,0.0
2326,2,1,0.3333333333333333,0.4,0.3
2327,3,0,0.3333333333333333,0.4,0.2
2328,3,0,0.0,0.0,0.0
2329,1,1,0.3333333333333333,0.2,0.1
2330,3,0,0.0,0.0,0.1
2331,3,0,0.0,0.2,0.2
2332,0,1,0.3333333333333333,0.2,0.3
2333,2,0,0.0,0.2,0.4
2334,3,0,0.6666666666666666,0.4,0.4
2335,3,1,0.3333333333333333,0.6,0.5
2336,1,0,0.0,0.4,0.4
2337,3,1,1.0,0.8,0.6
2338,3,1,0.6666666666666666,0.8,0.6
2339,2,1,0.3333333333333333,0.4,0.3
2340,2,1,0.3333333333333333,0.6,0.4
2341,3,0,0.0,0.0,0.1
2342,1,0,0.3333333333333333,0.4,0.4
2343,3,1,0.6666666666666666,0.4,0.6
2344,2,0,0.3333333333333333,0.4,0.2
2345,3,1,0.6666666666666666,0.4,0.4
2346,0,1,0.3333333333333333,0.2,0.1
2347,3,0,0.6666666666666666,0.4,0.5
2348,0,0,0.3333333333333333,0.2,0.5
2349,0,1,0.6666666666666666,0.4,0.6
2350,0,0,0.6666666666666666,0.4,0.6
2351,0,0,0.0,0.0,0.0
2352,2,1,1.0,0.8,0.5
2353,3,1,1.0,0.8,0.9
2354,0,0,0.6666666666666666,0.8,0.7
2355,3,0,0.6666666666666666,0.4,0.3
2356,0,1,0.6666666666666666,0.6,0.5
2357,1,0,0.0,0.0,0.1
2358,0,0,0.0,0.2,0.2
2359,1,0,0.3333333333333333,0.4,0.3
2360,0,1,1.0,1.0,0.8
2361,1,0,0.0,0.2,0.2
2362,3,0,0.0,0.2,0.2
2363,2,0,0.3333333333333333,0.6,0.3
2364,0,1,0.6666666666666666,0.6,0.6
2365,0,0,0.0,0.2,0.3
2366,2,0,0.0,0.2,0.3
2367,0,1,0.6666666666666666,0.6,0.5
2368,1,0,0.3333333333333333,0.4,0.2
2369,2,0,0.0,0.0,0.2
2370,1,1,0.6666666666666666,0.4,0.2
2371,0,0,0.0,0.0,0.1
2372,0,0,0.3333333333333333,0.4,0.5
2373,1,1,0.3333333333333333,0.6,0.4
2374,0,0,0.3333333333333333,0.4,0.5
2375,2,1,0.6666666666666666,0.4,0.3
2376,2,1,0.6666666666666666,0.4,0.3
2377,0,0,0.3333333333333333,0.4,0.4
2378,2,0,0.3333333333333333,0.2,0.1
2379,1,0,0.0,0.0,0.1
2380,2,0,0.6666666666666666,0.8,0.4
2381,3,0,0.3333333333333333,0.4,0.3
2382,2,1,0.6666666666666666,0.6,0.6
2383,0,0,0.0,0.0,0.1
2384,1,0,0.3333333333333333,0.4,0.4
2385,2,0,0.3333333333333333,0.2,0.2
2386,3,1,0.6666666666666666,0.4,0.5
2387,3,0,0.3333333333333333,0.6,0.4
2388,0,0,0.6666666666666666,0.6,0.6
2389,3,1,1.0,0.8,0.9
2390,1,1,0.6666666666666666,0.8,0.4
2391,0,1,1.0,1.0,0.8
2392,3,0,0.3333333333333333,0.2,0.4
2393,0,1,0.3333333333333333,0.2,0.3
2394,2,1,0.6666666666666666,0.6,0.3
2395,1,0,0.3333333333333333,0.4,0.3
2396,3,0,0.0,0.0,0.0
2397,3,1,0.6666666666666666,0.4,0.2
2398,3,0,0.0,0.2,0.2
2399,3,1,1.0,0.6,0.5
2400,1,0,0.3333333333333333,0.2,0.2
2401,1,0,0.0,0.0,0.0
2402,3,0,0.6666666666666666,0.8,0.8
2403,3,0,0.3333333333333333,0.2,0.3
2404,0,0,0.0,0.2,0.2
2405,0,1,0.6666666666666666,0.4,0.3
2406,1,0,0.3333333333333333,0.4,0.3
2407,1,0,0.3333333333333333,0.6,0.4
2408,1,1,1.0,0.8,0.6
2409,0,1,0.6666666666666666,0.6,0.5
2410,0,0,0.3333333333333333,0.2,0.3
2411,2,1,0.3333333333333333,0.4,0.2
2412,3,1,1.0,0.6,0.5
2413,0,0,0.3333333333333333,0.4,0.3
2414,0,0,0.6666666666666666,0.4,0.7
2415,2,0,0.0,0.2,0.3
2416,2,1,0.6666666666666666,0.6,0.5
2417,2,1,0.6666666666666666,0.8,0.6
2418,2,0,0.3333333333333333,0.4,0.3
2419,3,0,0.3333333333333333,0.2,0.2
2420,3,1,1.0,1.0,0.7
2421,3,1,1.0,0.8,0.7
2422,1,0,0.0,0.2,0.5
2423,1,0,0.3333333333333333,0.4,0.3
2424,0,0,0.3333333333333333,0.4,0.6
2425,1,0,0.3333333333333333,0.4,0.2
2426,1,0,0.6666666666666666,0.4,0.5
2427,2,0,0.6666666666666666,0.4,0.3
2428,1,0,0.3333333333333333,0.2,0.1
2429,1,1,0.6666666666666666,0.8,0.6
2430,0,0,0.3333333333333333,0.4,0.2
2431,0,1,0.6666666666666666,0.6,0.6
2432,3,0,0.0,0.4,0.4
2433,3,0,0.0,0.0,0.0
2434,3,1,0.6666666666666666,0.4,0.3
2435,0,1,0.3333333333333333,0.2,0.3
2436,0,0,0.6666666666666666,0.8,0.6
2437,2,0,0.3333333333333333,0.2,0.2
2438,1,0,0.0,0.2,0.3
2439,2,0,0.6666666666666666,0.4,0.3
2440,2,0,0.3333333333333333,0.2,0.2
2441,3,1,0.3333333333333333,0.4,0.4
2442,2,0,0.0,0.2,0.1
2443,0,0,0.0,0.2,0.4
2444,0,0,0.0,0.0,0.2
2445,1,0,0.0,0.2,0.2
2446,3,1,0.3333333333333333,0.2,0.1
2447,3,0,0.0,0.2,0.2
2448,3,0,0.0,0.2,0.3
2449,1,1,0.3333333333333333,0.2,0.4
2450,3,1,0.3333333333333333,0.4,0.4
2451,2,0,0.3333333333333333,0.4,0.4
2452,3,0,0.3333333333333333,0.4,0.2
2453,3,0,0.6666666666666666,0.8,0.7
2454,1,0,0.0,0.0,0.1
2455,1,1,0.3333333333333333,0.4,0.4
2456,1,1,0.6666666666666666,0.6,0.5
2457,2,0,0.3333333333333333,0.4,0.3
2458,3,0,0.3333333333333333,0.2,0.1
2459,3,0,0.0,0.2,0.2
2460,0,1,0.6666666666666666,0.6,0.5
2461,2,0,0.0,0.2,0.1
2462,2,0,0.0,0.2,0.2
2463,2,0,0.0,0.0,0.1
2464,3,0,0.3333333333333333,0.4,0.3
2465,0,1,1.0,0.8,0.6
2466,3,0,0.3333333333333333,0.4,0.4
2467,1,0,0.3333333333333333,0.2,0.1
2468,0,0,0.0,0.2,0.1
2469,1,0,0.3333333333333333,0.2,0.1
2470,3,0,0.0,0.0,0.1
2471,0,0,0.0,0.0,0.1
2472,0,1,0.6666666666666666,0.6,0.6
2473,1,0,0.0,0.2,0.4
2474,1,0,0.0,0.4,0.3
2475,3,0,0.3333333333333333,0.2,0.3
2476,3,0,0.0,0.2,0.3
2477,1,0,0.3333333333333333,0.4,0.4
2478,2,0,0.3333333333333333,0.4,0.2
2479,0,1,0.6666666666666666,0.8,0.6
2480,0,0,0.3333333333333333,0.6,0.5
2481,0,1,1.0,1.0,0.7
2482,3,1,0.3333333333333333,0.4,0.5
2483,0,0,0.0,0.0,0.1
2484,0,0,0.3333333333333333,0.2,0.3
2485,3,0,0.0,0.0,0.3
2486,1,0,0.3333333333333333,0.2,0.3
2487,0,0,0.3333333333333333,0.2,0.5
2488,0,0,0.6666666666666666,0.6,0.5
2489,1,0,0.3333333333333333,0.4,0.4
2490,0,1,0.3333333333333333,0.2,0.4
2491,2,0,0.0,0.2,0.1
2492,0,1,0.6666666666666666,0.6,0.8
2493,2,0,0.3333333333333333,0.4,0.3
2494,1,1,0.6666666666666666,0.6,0.6
2495,3,0,0.0,0.0,0.1
2496,2,0,0.0,0.2,0.5
2497,3,0,0.3333333333333333,0.2,0.5
2498,3,0,0.3333333333333333,0.4,0.5
2499,3,0,0.3333333333333333,0.4,0.4
2500,0,1,0.6666666666666666,0.4,0.4
2501,1,0,0.3333333333333333,0.4,0.2
2502,0,1,0.3333333333333333,0.2,0.3
2503,0,0,0.6666666666666666,0.4,0.5
2504,0,1,0.6666666666666666,0.6,0.4
2505,0,0,0.3333333333333333,0.6,0.6
2506,0,1,1.0,1.0,0.7
2507,1,0,0.0,0.0,0.1
2508,2,0,0.3333333333333333,0.4,0.3
2509,2,0,0.3333333333333333,0.4,0.2
2510,1,1,0.6666666666666666,0.8,0.6
2511,0,0,0.3333333333333333,0.4,0.5
2512,2,0,0.0,0.4,0.4
2513,0,0,0.3333333333333333,0.4,0.4
2514,2,0,0.0,0.0,0.2
2515,2,0,0.0,0.2,0.2
2516,3,1,0.6666666666666666,0.8,0.6
2517,3,0,0.3333333333333333,0.2,0.3
2518,1,0,0.3333333333333333,0.2,0.1
2519,2,0,0.3333333333333333,0.4,0.3
2520,3,1,0.3333333333333333,0.4,0.3
2521,1,1,0.6666666666666666,0.4,0.3
2522,3,0,0.0,0.0,0.0
2523,3,0,0.3333333333333333,0.4,0.5
2524,2,0,0.6666666666666666,0.4,0.2
2525,2,0,0.0,0.0,0.0
2526,2,1,0.6666666666666666,0.4,0.5
2527,3,0,0.0,0.0,0.0
2528,1,1,1.0,0.8,0.6
2529,0,1,1.0,0.6,0.4
2530,3,1,0.6666666666666666,0.4,0.6
2531,3,0,0.0,0.0,0.4
2532,2,1,0.6666666666666666,0.4,0.2
2533,1,0,0.0,0.4,0.4
2534,1,1,0.3333333333333333,0.4,0.3
2535,3,0,0.0,0.0,0.0
2536,3,0,0.0,0.2,0.3
2537,3,0,0.3333333333333333,0.6,0.7
2538,0,1,0.6666666666666666,0.6,0.5
2539,1,1,0.6666666666666666,0.4,0.5
2540,0,0,0.0,0.2,0.2
2541,3,1,0.3333333333333333,0.4,0.3
2542,2,1,0.6666666666666666,0.4,0.4
2543,0,0,0.0,0.2,0.2
2544,3,0,0.3333333333333333,0.6,0.5
2545,2,0,0.0,0.0,0.2
2546,3,1,0.6666666666666666,0.6,0.5
2547,0,1,0.6666666666666666,0.6,0.4
2548,2,0,0.0,0.4,0.2
2549,1,1,0.6666666666666666,0.6,0.5
2550,2,0,0.0,0.0,0.1
2551,3,1,0.3333333333333333,0.2,0.6
2552,0,0,0.3333333333333333,0.2,0.1
2553,1,0,0.0,0.0,0.2
2554,0,0,0.3333333333333333,0.2,0.3
2555,0,0,0.0,0.2,0.3
2556,3,1,0.6666666666666666,0.6,0.5
2557,1,0,0.0,0.0,0.2
2558,0,0,0.3333333333333333,0.2,0.2
2559,2,1,0.6666666666666666,0.4,0.2
2560,3,1,0.3333333333333333,0.2,0.2
2561,3,0,0.3333333333333333,0.6,0.7
2562,1,0,0.6666666666666666,0.6,0.3
2563,2,0,0.6666666666666666,0.4,0.4
2564,2,1,0.3333333333333333,0.2,0.2
2565,2,0,0.0,0.0,0.0
2566,0,1,0.6666666666666666,0.4,0.4
2567,0,1,0.6666666666666666,0.6,0.6
2568,0,0,0.0,0.4,0.5
2569,2,0,0.3333333333333333,0.2,0.2
2570,2,0,0.6666666666666666,0.6,0.3
2571,3,0,0.0,0.0,0.0
2572,1,1,0.3333333333333333,0.4,0.2
2573,2,0,0.6666666666666666,0.4,0.3
2574,2,0,0.0,0.0,0.1
2575,3,0,0.6666666666666666,0.6,0.4
2576,2,1,0.6666666666666666,0.6,0.4
2577,2,0,0.3333333333333333,0.2,0.2
2578,0,0,0.3333333333333333,0.2,0.4
2579,2,0,0.0,0.2,0.3
2580,1,1,0.6666666666666666,0.6,0.4
2581,3,1,1.0,1.0,0.7
2582,1,0,0.3333333333333333,0.4,0.2
2583,2,0,0.3333333333333333,0.4,0.4
2584,1,1,0.3333333333333333,0.2,0.3
2585,0,1,0.3333333333333333,0.4,0.3
2586,1,1,0.6666666666666666,0.4,0.3
2587,0,0,0.3333333333333333,0.2,0.4
2588,0,1,1.0,1.0,1.0
2589,2,0,0.0,0.0,0.0
2590,0,0,0.0,0.2,0.1
2591,2,0,0.0,0.2,0.4
2592,1,0,0.0,0.4,0.4
2593,2,0,0.0,0.0,0.0
2594,2,0,0.0,0.2,0.4
2595,2,0,0.3333333333333333,0.6,0.5
2596,1,0,0.3333333333333333,0.2,0.2
2597,1,0,0.3333333333333333,0.2,0.2
2598,3,0,0.0,0.4,0.3
2599,0,0,0.0,0.4,0.3
2600,2,0,0.0,0.2,0.3
2601,2,0,0.3333333333333333,0.4,0.3
2602,2,1,0.6666666666666666,0.8,0.5
2603,1,0,0.3333333333333333,0.4,0.3
2604,1,1,0.3333333333333333,0.2,0.3
2605,1,1,1.0,0.6,0.4
2606,2,0,0.0,0.0,0.2
2607,0,0,0.0,0.0,0.2
2608,1,0,0.3333333333333333,0.4,0.6
2609,1,0,0.3333333333333333,0.2,0.1
2610,1,0,0.3333333333333333,0.4,0.3
2611,1,1,0.6666666666666666,0.6,0.3
2612,1,0,0.3333333333333333,0.4,0.3
2613,2,1,0.3333333333333333,0.4,0.2
2614,0,0,0.0,0.0,0.1
2615,3,0,0.3333333333333333,0.6,0.4
2616,2,0,0.0,0.4,0.2
2617,3,1,1.0,0.8,0.4
2618,3,1,0.6666666666666666,0.6,0.6
2619,2,0,0.0,0.2,0.2
2620,1,1,0.6666666666666666,0.4,0.4
2621,3,1,1.0,0.8,0.7
2622,3,0,0.0,0.2,0.1
2623,3,1,1.0,0.8,0.6
2624,2,0,0.6666666666666666,0.6,0.3
2625,1,0,0.3333333333333333,0.2,0.3
2626,0,1,1.0,0.6,0.4
2627,0,0,0.0,0.0,0.1
2628,1,1,0.6666666666666666,0.4,0.3
2629,2,0,0.0,0.2,0.1
2630,2,1,0.6666666666666666,0.4,0.2
2631,1,0,0.3333333333333333,0.2,0.3
2632,1,0,0.3333333333333333,0.4,0.3
2633,0,1,0.6666666666666666,0.6,0.4
2634,1,1,0.6666666666666666,0.4,0.4
2635,0,0,0.6666666666666666,0.6,0.7
2636,2,0,0.0,0.0,0.2
2637,3,0,0.0,0.0,0.0
2638,0,0,0.0,0.2,0.3
2639,1,1,0.3333333333333333,0.6,0.3
2640,3,0,0.3333333333333333,0.2,0.3
2641,0,0,0.3333333333333333,0.2,0.3
2642,3,1,1.0,1.0,0.7
2643,2,0,0.0,0.2,0.1
2644,1,0,0.3333333333333333,0.4,0.2
2645,3,0,0.0,0.0,0.1
2646,2,1,0.3333333333333333,0.4,0.3
2647,2,0,0.0,0.0,0.2
2648,1,0,0.3333333333333333,0.4,0.3
2649,1,0,0.0,0.4,0.3
2650,1,1,0.6666666666666666,0.6,0.4
2651,0,1,0.3333333333333333,0.2,0.5
2652,2,1,0.6666666666666666,0.6,0.6
2653,2,0,0.0,0.2,0.2
2654,3,0,0.3333333333333333,0.4,0.4
2655,0,0,0.3333333333333333,0.4,0.6
2656,1,0,0.0,0.2,0.1
2657,3,0,0.6666666666666666,0.6,0.4
2658,3,0,0.3333333333333333,0.4,0.5
2659,3,0,0.0,0.0,0.0
2660,2,0,0.0,0.2,0.1
2661,1,0,0.0,0.2,0.3
2662,2,0,0.3333333333333333,0.4,0.4
2663,2,1,0.3333333333333333,0.4,0.3
2664,2,0,0.0,0.2,0.2
2665,0,1,0.6666666666666666,0.8,0.6
2666,0,1,0.6666666666666666,0.6,0.4
2667,0,0,0.3333333333333333,0.2,0.3
2668,2,1,0.6666666666666666,0.6,0.4
2669,2,1,0.6666666666666666,0.4,0.4
2670,1,1,0.3333333333333333,0.4,0.3
2671,3,0,0.0,0.2,0.2
2672,0,1,0.3333333333333333,0.6,0.4
2673,0,0,0.0,0.2,0.1
2674,1,0,0.3333333333333333,0.2,0.1
2675,1,0,0.3333333333333333,0.2,0.2
2676,3,0,0.0,0.0,0.2
2677,1,0,0.0,0.0,0.1
2678,0,0,0.0,0.2,0.2
2679,3,1,1.0,0.8,0.5
2680,0,0,0.0,0.2,0.1
2681,0,1,0.6666666666666666,0.8,0.6
2682,3,0,0.3333333333333333,0.4,0.5
2683,2,0,0.0,0.0,0.2
2684,1,1,0.3333333333333333,0.2,0.3
2685,3,0,0.3333333333333333,0.2,0.4
2686,1,0,0.0,0.2,0.2
2687,3,0,0.0,0.0,0.1
2688,3,1,0.6666666666666666,0.8,0.9
2689,1,0,0.3333333333333333,0.2,0.1
2690,1,0,0.0,0.0,0.1
2691,2,0,0.0,0.0,0.1
2692,2,1,0.6666666666666666,0.4,0.3
2693,0,1,0.3333333333333333,0.4,0.4
2694,2,0,0.0,0.0,0.2
2695,3,0,0.3333333333333333,0.2,0.2
2696,1,0,0.0,0.2,0.4
2697,0,0,0.3333333333333333,0.6,0.5
2698,0,0,0.3333333333333333,0.4,0.3
2699,3,1,1.0,0.8,0.6
2700,2,0,0.0,0.2,0.1
2701,2,0,0.0,0.0,0.1
2702,3,0,0.0,0.2,0.2
2703,1,0,0.0,0.0,0.0
2704,3,1,0.3333333333333333,0.2,0.3
2705,1,1,0.6666666666666666,0.6,0.4
2706,3,0,0.6666666666666666,0.6,0.6
2707,2,0,0.6666666666666666,0.4,0.4
2708,3,0,0.3333333333333333,0.4,0.3
2709,3,1,0.3333333333333333,0.2,0.4
2710,3,0,0.6666666666666666,0.6,0.4
2711,2,0,0.0,0.0,0.1
2712,0,0,0.6666666666666666,0.6,0.5
2713,0,0,0.0,0.0,0.0
2714,2,0,0.0,0.0,0.0
2715,2,1,0.6666666666666666,0.4,0.4
2716,1,0,0.3333333333333333,0.2,0.2
2717,0,0,0.3333333333333333,0.6,0.5
2718,3,0,0.3333333333333333,0.6,0.4
2719,1,1,0.6666666666666666,0.4,0.3
2720,1,1,0.3333333333333333,0.4,0.3
2721,1,0,0.0,0.0,0.2
2722,1,0,0.0,0.2,0.3
2723,2,0,0.0,0.0,0.1
2724,1,0,0.3333333333333333,0.4,0.4
2725,3,1,0.6666666666666666,0.4,0.3
2726,3,0,0.0,0.0,0.0
2727,2,1,0.6666666666666666,0.6,0.5
2728,2,0,0.0,0.2,0.3
2729,3,0,0.3333333333333333,0.2,0.4
2730,3,1,0.6666666666666666,0.4,0.4
2731,0,0,0.3333333333333333,0.2,0.3
2732,0,1,0.3333333333333333,0.6,0.7
2733,0,1,0.6666666666666666,0.8,0.5
2734,3,0,0.3333333333333333,0.4,0.3
2735,0,0,0.3333333333333333,0.6,0.4
2736,1,1,0.3333333333333333,0.4,0.3
2737,1,0,0.0,0.2,0.3
2738,2,0,0.0,0.2,0.2
2739,0,1,0.3333333333333333,0.4,0.6
2740,2,0,0.3333333333333333,0.2,0.2
2741,1,0,0.0,0.2,0.3
2742,0,1,1.0,0.8,0.8
2743,2,0,0.3333333333333333,0.4,0.3
2744,0,1,0.6666666666666666,0.4,0.6
2745,0,1,0.6666666666666666,0.8,0.6
2746,1,0,0.0,0.2,0.2
2747,2,0,0.3333333333333333,0.2,0.3
2748,0,0,0.0,0.0,0.2
2749,2,0,0.0,0.0,0.1
2750,2,0,0.6666666666666666,0.4,0.4
2751,0,1,0.3333333333333333,0.4,0.5
2752,3,1,0.3333333333333333,0.4,0.6
2753,1,0,0.3333333333333333,0.4,0.2
2754,3,0,0.6666666666666666,0.8,0.7
2755,1,0,0.3333333333333333,0.2,0.5
2756,2,0,0.0,0.2,0.2
2757,3,0,0.0,0.4,0.6
2758,2,0,0.3333333333333333,0.2,0.1
2759,0,0,0.0,0.0,0.1
2760,2,0,0.0,0.2,0.2
2761,0,1,0.3333333333333333,0.2,0.1
2762,3,1,0.6666666666666666,0.6,0.5
2763,2,0,0.0,0.2,0.1
2764,0,1,1.0,0.8,0.7
2765,0,1,0.6666666666666666,0.8,0.6
2766,0,0,0.3333333333333333,0.4,0.5
2767,1,0,0.3333333333333333,0.4,0.4
2768,3,1,0.6666666666666666,0.6,0.6
2769,3,0,0.6666666666666666,0.6,0.4
2770,3,1,0.3333333333333333,0.2,0.3
2771,2,0,0.3333333333333333,0.4,0.2
2772,2,0,0.0,0.2,0.1
2773,1,1,0.6666666666666666,0.6,0.4
2774,1,0,0.6666666666666666,0.6,0.3
2775,3,0,0.0,0.0,0.2
2776,1,0,0.0,0.0,0.1
2777,2,0,0.0,0.2,0.3
2778,0,0,0.0,0.0,0.1
2779,1,0,0.3333333333333333,0.6,0.5
2780,3,0,0.3333333333333333,0.2,0.5
2781,2,0,0.3333333333333333,0.6,0.6
2782,0,1,0.6666666666666666,0.6,0.6
2783,1,0,0.0,0.2,0.1
2784,3,0,0.6666666666666666,0.6,0.5
2785,3,0,0.0,0.2,0.4
2786,1,0,0.3333333333333333,0.2,0.1
2787,1,1,1.0,0.8,0.5
2788,1,0,0.0,0.0,0.1
2789,2,0,0.0,0.0,0.2
2790,1,0,0.0,0.2,0.3
2791,3,0,0.0,0.2,0.4
2792,1,1,0.3333333333333333,0.2,0.3
2793,3,1,0.6666666666666666,0.4,0.4
2794,1,0,0.0,0.0,0.1
2795,2,0,0.0,0.0,0.3
2796,3,0,0.3333333333333333,0.6,0.7
2797,3,1,0.6666666666666666,0.4,0.3
2798,3,0,0.0,0.0,0.3
2799,3,1,0.6666666666666666,0.8,0.5
2800,2,0,0.6666666666666666,0.4,0.2
2801,3,1,0.3333333333333333,0.6,0.4
2802,2,1,0.3333333333333333,0.4,0.3
2803,1,0,0.0,0.0,0.3
2804,1,0,0.6666666666666666,0.6,0.6
2805,2,0,0.3333333333333333,0.4,0.4
2806,0,1,0.3333333333333333,0.4,0.2
2807,3,1,1.0,0.6,0.7
2808,1,0,0.3333333333333333,0.2,0.5
2809,0,1,1.0,0.6,0.6
2810,1,1,0.3333333333333333,0.4,0.2
2811,2,0,0.0,0.0,0.1
2812,0,0,0.3333333333333333,0.4,0.6
2813,3,0,0.0,0.0,0.1
2814,2,0,0.3333333333333333,0.2,0.2
2815,1,1,1.0,0.8,0.5
2816,0,0,0.3333333333333333,0.2,0.3
2817,0,1,1.0,1.0,0.9
2818,1,0,0.3333333333333333,0.2,0.3
2819,0,1,0.6666666666666666,0.6,0.4
2820,1,0,0.3333333333333333,0.4,0.3
2821,0,0,0.3333333333333333,0.2,0.3
2822,2,1,0.3333333333333333,0.4,0.4
2823,0,0,0.6666666666666666,0.8,0.7
2824,1,0,0.6666666666666666,0.6,0.5
2825,3,0,0.0,0.0,0.1
2826,2,1,0.6666666666666666,0.4,0.5
2827,0,1,0.3333333333333333,0.2,0.4
2828,2,1,1.0,0.6,0.3
2829,1,1,1.0,0.6,0.5
2830,2,1,0.6666666666666666,0.6,0.5
2831,3,1,0.6666666666666666,0.6,0.5
2832,2,0,0.3333333333333333,0.2,0.1
2833,3,1,0.3333333333333333,0.2,0.3
2834,0,1,0.6666666666666666,0.6,0.5
2835,0,0,0.6666666666666666,0.8,0.4
2836,3,1,0.6666666666666666,0.6,0.5
2837,0,0,0.0,0.2,0.3
2838,3,0,0.3333333333333333,0.4,0.4
2839,3,0,0.3333333333333333,0.4,0.3
2840,3,0,0.0,0.0,0.2
2841,2,0,0.3333333333333333,0.2,0.2
2842,3,0,0.6666666666666666,0.6,0.4
2843,3,0,0.3333333333333333,0.6,0.3
2844,2,0,0.3333333333333333,0.6,0.3
2845,3,0,0.6666666666666666,0.4,0.2
2846,0,0,0.3333333333333333,0.4,0.3
2847,3,1,0.6666666666666666,0.6,0.6
2848,0,0,0.3333333333333333,0.2,0.3
2849,2,0,0.3333333333333333,0.4,0.5
2850,1,0,0.0,0.0,0.2
2851,0,1,0.3333333333333333,0.2,0.2
2852,2,0,0.3333333333333333,0.2,0.3
2853,0,0,0.0,0.2,0.2
2854,2,1,0.6666666666666666,0.4,0.4
2855,2,1,0.6666666666666666,0.6,0.6
2856,3,0,0.0,0.0,0.1
2857,3,1,0.6666666666666666,0.4,0.7
2858,3,0,0.3333333333333333,0.4,0.5
2859,1,0,0.0,0.0,0.0
2860,3,1,1.0,0.6,0.5
2861,3,1,1.0,1.0,0.9
2862,1,0,0.0,0.0,0.0
2863,3,0,0.3333333333333333,0.2,0.3
2864,3,0,0.3333333333333333,0.4,0.6
2865,1,0,0.0,0.0,0.1
2866,3,0,0.0,0.4,0.6
2867,1,1,0.3333333333333333,0.6,0.5
2868,3,0,0.0,0.2,0.2
2869,1,0,0.0,0.0,0.2
2870,1,0,0.0,0.0,0.1
2871,0,0,0.0,0.0,0.3
2872,3,1,1.0,0.8,0.5
2873,0,0,0.0,0.4,0.5
2874,1,1,0.6666666666666666,0.4,0.4
2875,1,1,0.6666666666666666,0.4,0.3
2876,2,0,0.0,0.0,0.1
2877,1,1,0.3333333333333333,0.2,0.1
2878,2,1,0.6666666666666666,0.4,0.2
2879,1,0,0.3333333333333333,0.2,0.2
2880,3,0,0.0,0.0,0.0
2881,1,0,0.0,0.0,0.3
2882,1,0,0.3333333333333333,0.6,0.8
2883,3,0,0.0,0.2,0.2
2884,3,1,0.3333333333333333,0.4,0.3
2885,0,1,0.6666666666666666,0.6,0.4
2886,2,0,0.3333333333333333,0.2,0.3
2887,0,1,0.6666666666666666,0.6,0.5
2888,0,1,0.6666666666666666,0.6,0.5
2889,3,1,0.3333333333333333,0.4,0.4
2890,3,1,0.3333333333333333,0.2,0.5
2891,1,0,0.0,0.0,0.1
2892,3,0,0.0,0.2,0.3
2893,3,1,1.0,0.8,0.8
2894,2,0,0.6666666666666666,0.4,0.3
2895,0,0,0.3333333333333333,0.4,0.4
2896,3,0,0.3333333333333333,0.4,0.4
2897,0,0,0.0,0.0,0.1
2898,2,1,0.3333333333333333,0.4,0.3
2899,3,0,0.0,0.0,0.4
2900,1,1,0.3333333333333333,0.2,0.3
2901,1,0,0.3333333333333333,0.2,0.3
2902,2,0,0.0,0.0,0.3
2903,0,0,0.3333333333333333,0.2,0.2
2904,2,0,0.3333333333333333,0.2,0.2
2905,1,1,0.3333333333333333,0.4,0.3
2906,1,1,0.6666666666666666,0.6,0.4
2907,2,0,0.0,0.2,0.4
2908,3,0,0.3333333333333333,0.2,0.2
2909,0,1,0.3333333333333333,0.4,0.5
2910,1,1,0.3333333333333333,0.4,0.7
2911,0,1,0.3333333333333333,0.2,0.2
2912,1,0,0.0,0.0,0.2
2913,1,0,0.3333333333333333,0.2,0.2
2914,3,0,0.0,0.2,0.3
2915,0,0,0.3333333333333333,0.2,0.1
2916,1,1,0.6666666666666666,0.6,0.4
2917,1,1,0.6666666666666666,0.4,0.4
2918,1,0,0.3333333333333333,0.2,0.3
2919,0,0,0.3333333333333333,0.4,0.4
2920,0,0,0.3333333333333333,0.2,0.3
2921,1,1,0.3333333333333333,0.4,0.3
2922,0,0,0.0,0.0,0.1
2923,1,0,0.3333333333333333,0.4,0.3
2924,2,1,1.0,0.6,0.3
2925,1,1,0.6666666666666666,0.6,0.4
2926,2,1,0.3333333333333333,0.2,0.3
2927,2,0,0.3333333333333333,0.4,0.3
2928,1,1,0.3333333333333333,0.2,0.4
2929,3,0,0.6666666666666666,0.4,0.3
2930,0,1,0.6666666666666666,0.4,0.2
2931,3,0,0.0,0.0,0.1
2932,1,0,0.0,0.0,0.1
2933,0,1,0.6666666666666666,0.6,0.3
2934,3,0,0.0,0.2,0.2
2935,1,0,0.3333333333333333,0.2,0.2
2936,3,0,0.0,0.0,0.4
2937,3,0,0.0,0.2,0.3
2938,0,0,0.3333333333333333,0.2,0.2
2939,1,0,0.3333333333333333,0.2,0.4
2940,3,0,0.0,0.0,0.2
2941,0,0,0.0,0.0,0.0
2942,3,0,0.0,0.0,0.0
2943,0,1,0.3333333333333333,0.2,0.3
2944,3,0,0.6666666666666666,0.4,0.4
2945,3,1,0.6666666666666666,0.4,0.5
2946,2,0,0.0,0.0,0.2
2947,3,1,1.0,0.8,0.6
2948,0,1,1.0,1.0,0.8
2949,3,0,0.0,0.0,0.2
2950,0,0,0.0,0.0,0.1
2951,0,1,0.3333333333333333,0.6,0.7
2952,1,1,0.3333333333333333,0.2,0.1
2953,1,0,0.0,0.0,0.0
2954,1,0,0.0,0.0,0.1
2955,3,1,0.6666666666666666,0.8,0.9
2956,2,0,0.6666666666666666,0.6,0.3
2957,0,0,0.6666666666666666,0.4,0.4
2958,2,0,0.0,0.2,0.3
2959,1,0,0.0,0.2,0.3
2960,2,0,0.0,0.0,0.0
2961,3,0,0.0,0.2,0.3
2962,1,0,0.0,0.2,0.1
2963,3,1,0.6666666666666666,0.4,0.5
2964,2,0,0.0,0.2,0.1
2965,0,1,0.6666666666666666,0.8,0.7
2966,3,1,0.3333333333333333,0.4,0.6
2967,1,0,0.0,0.0,0.3
2968,0,1,0.6666666666666666,0.6,0.7
2969,3,0,0.3333333333333333,0.6,0.5
2970,1,0,0.0,0.2,0.3
2971,2,0,0.3333333333333333,0.2,0.3
2972,1,0,0.3333333333333333,0.4,0.4
2973,1,0,0.3333333333333333,0.2,0.3
2974,2,1,0.6666666666666666,0.6,0.3
2975,1,0,0.0,0.2,0.3
2976,3,0,0.6666666666666666,0.6,0.6
2977,0,1,0.6666666666666666,0.8,0.6
2978,1,0,0.3333333333333333,0.4,0.6
2979,2,1,1.0,0.8,0.6
2980,3,0,0.0,0.2,0.3
2981,0,1,0.6666666666666666,0.4,0.3
2982,0,0,0.3333333333333333,0.2,0.4
2983,3,0,0.3333333333333333,0.4,0.4
2984,2,0,0.0,0.4,0.3
2985,1,0,0.6666666666666666,0.6,0.5
2986,3,0,0.3333333333333333,0.2,0.1
2987,1,0,0.3333333333333333,0.2,0.3
2988,2,1,0.6666666666666666,0.4,0.4
2989,1,0,0.0,0.2,0.2
2990,2,0,0.0,0.2,0.2
2991,0,1,1.0,0.6,0.7
2992,2,0,0.0,0.2,0.3
2993,2,0,0.3333333333333333,0.6,0.3
2994,2,0,0.0,0.2,0.4
2995,1,1,0.3333333333333333,0.4,0.6
2996,3,0,0.0,0.2,0.4
2997,2,0,0.0,0.0,0.0
2998,1,1,0.6666666666666666,0.4,0.5
2999,1,0,0.0,0.2,0.4
3000,1,1,0.6666666666666666,0.4,0.4
3001,1,0,0.3333333333333333,0.2,0.3
3002,0,0,0.6666666666666666,0.6,0.5
3003,0,1,1.0,0.8,0.8
3004,0,1,0.3333333333333333,0.6,0.5
3005,2,1,0.6666666666666666,0.6,0.3
3006,3,0,0.3333333333333333,0.4,0.2
3007,0,0,0.0,0.0,0.2
3008,2,0,0.3333333333333333,0.6,0.3
3009,2,1,0.3333333333333333,0.4,0.3
3010,3,0,0.6666666666666666,0.6,0.5
3011,3,1,0.6666666666666666,0.8,0.7
3012,1,0,0.3333333333333333,0.4,0.3
3013,0,0,0.0,0.0,0.1
3014,1,0,0.3333333333333333,0.4,0.5
3015,0,0,0.0,0.0,0.2
3016,2,0,0.0,0.2,0.3
3017,0,0,0.3333333333333333,0.6,0.6
3018,0,0,0.3333333333333333,0.2,0.2
3019,2,0,0.0,0.0,0.3
3020,1,1,1.0,0.8,0.5
3021,3,0,0.0,0.2,0.3
3022,1,0,0.0,0.2,0.2
3023,0,1,0.6666666666666666,0.4,0.5
3024,1,0,0.3333333333333333,0.6,0.4
3025,3,1,0.3333333333333333,0.6,0.5
3026,2,0,0.0,0.0,0.0
3027,1,1,0.6666666666666666,0.4,0.2
3028,3,0,0.0,0.2,0.2
3029,1,0,0.3333333333333333,0.2,0.3
3030,1,0,0.3333333333333333,0.4,0.6
3031,1,1,0.3333333333333333,0.6,0.6
3032,2,1,0.6666666666666666,0.6,0.4
3033,2,0,0.0,0.2,0.3
3034,3,1,0.3333333333333333,0.2,0.2
3035,2,0,0.3333333333333333,0.2,0.3
3036,0,0,0.3333333333333333,0.4,0.4
3037,2,0,0.0,0.2,0.2
3038,1,0,0.3333333333333333,0.4,0.4
3039,0,0,0.3333333333333333,0.4,0.2
3040,0,0,0.3333333333333333,0.4,0.5
3041,3,1,0.6666666666666666,0.8,0.6
3042,0,0,0.3333333333333333,0.4,0.4
3043,3,1,0.6666666666666666,0.6,0.4
3044,1,0,0.0,0.2,0.3
3045,0,1,0.3333333333333333,0.2,0.4
3046,0,0,0.3333333333333333,0.4,0.3
3047,0,1,1.0,0.6,0.4
3048,1,0,0.0,0.0,0.1
3049,0,1,1.0,0.8,0.6
3050,3,0,0.0,0.4,0.5
3051,2,0,0.0,0.2,0.2
3052,1,1,0.3333333333333333,0.2,0.3
3053,3,0,0.0,0.2,0.3
3054,0,0,0.3333333333333333,0.2,0.5
3055,3,1,0.6666666666666666,0.4,0.3
3056,3,1,0.6666666666666666,0.6,0.4
3057,1,0,0.6666666666666666,0.4,0.3
3058,2,0,0.0,0.0,0.1
3059,1,0,0.0,0.0,0.1
3060,1,0,0.0,0.2,0.4
3061,3,0,0.0,0.2,0.2
3062,0,0,0.0,0.2,0.3
3063,2,1,0.3333333333333333,0.6,0.3
3064,1,0,0.3333333333333333,0.2,0.2
3065,0,0,0.0,0.0,0.1
3066,0,0,0.6666666666666666,0.4,0.2
3067,0,0,0.0,0.0,0.3
3068,1,0,0.0,0.2,0.2
3069,3,0,0.0,0.0,0.1
3070,3,1,0.6666666666666666,0.6,0.5
3071,1,0,0.0,0.2,0.2
3072,3,0,0.3333333333333333,0.4,0.4
3073,0,0,0.3333333333333333,0.4,0.5
3074,3,1,0.6666666666666666,0.4,0.4
3075,2,1,0.6666666666666666,0.6,0.4
3076,1,0,0.3333333333333333,0.6,0.4
3077,0,0,0.6666666666666666,0.6,0.6
3078,0,0,0.3333333333333333,0.2,0.2
3079,1,1,1.0,1.0,1.0
3080,0,0,0.3333333333333333,0.4,0.2
3081,2,0,0.0,0.0,0.2
3082,3,1,0.6666666666666666,0.6,0.6
3083,2,1,0.3333333333333333,0.4,0.2
3084,2,0,0.6666666666666666,0.6,0.3
3085,1,0,0.0,0.2,0.3
3086,0,1,0.6666666666666666,0.6,0.5
3087,1,1,0.3333333333333333,0.4,0.5
3088,3,0,0.0,0.0,0.2
3089,3,0,0.3333333333333333,0.4,0.5
3090,0,0,0.3333333333333333,0.4,0.4
3091,3,0,0.3333333333333333,0.4,0.2
3092,2,0,0.3333333333333333,0.4,0.4
3093,1,0,0.3333333333333333,0.2,0.4
3094,3,1,0.6666666666666666,0.6,0.6
3095,0,0,0.0,0.0,0.3
3096,1,0,0.3333333333333333,0.4,0.3
3097,0,0,0.3333333333333333,0.4,0.5
3098,1,1,0.3333333333333333,0.2,0.2
3099,1,0,0.3333333333333333,0.2,0.3
3100,0,0,0.0,0.0,0.1
3101,3,0,0.6666666666666666,0.4,0.5
3102,3,0,0.0,0.0,0.1
3103,0,0,0.0,0.0,0.0
3104,3,0,0.0,0.2,0.5
3105,3,0,0.6666666666666666,0.6,0.4
3106,3,0,0.0,0.2,0.1
3107,1,1,0.6666666666666666,0.6,0.5
3108,1,0,0.3333333333333333,0.4,0.4
3109,1,1,0.6666666666666666,0.4,0.2
3110,1,0,0.3333333333333333,0.2,0.4
3111,2,0,0.3333333333333333,0.4,0.2
3112,2,0,0.3333333333333333,0.2,0.2
3113,0,1,0.6666666666666666,0.8,0.6
3114,0,1,0.3333333333333333,0.4,0.4
3115,0,0,0.3333333333333333,0.2,0.2
3116,3,0,0.3333333333333333,0.4,0.4
3117,1,0,0.3333333333333333,0.2,0.3
3118,3,1,0.6666666666666666,0.6,0.4
3119,2,1,0.3333333333333333,0.4,0.4
3120,2,1,0.3333333333333333,0.2,0.2
3121,2,1,0.3333333333333333,0.4,0.4
3122,1,0,0.3333333333333333,0.2,0.2
3123,3,0,0.6666666666666666,0.8,0.7
3124,2,1,0.6666666666666666,0.6,0.3
3125,2,0,0.0,0.0,0.1
3126,2,0,0.3333333333333333,0.2,0.2
3127,2,1,1.0,0.6,0.3
3128,3,0,0.0,0.0,0.0
3129,2,0,0.0,0.4,0.2
3130,3,1,0.6666666666666666,0.4,0.4
3131,1,0,0.3333333333333333,0.2,0.4
3132,3,1,1.0,1.0,0.8
3133,1,1,0.6666666666666666,0.6,0.5
3134,2,0,0.0,0.2,0.3
3135,3,1,1.0,1.0,0.7
3136,1,0,0.3333333333333333,0.2,0.3
3137,2,0,0.6666666666666666,0.4,0.4
3138,0,1,0.6666666666666666,0.6,0.5
3139,1,1,0.3333333333333333,0.4,0.2
3140,3,0,0.6666666666666666,0.6,0.5
3141,1,1,0.3333333333333333,0.2,0.1
3142,1,1,0.3333333333333333,0.4,0.4
3143,1,0,0.0,0.2,0.2
3144,2,0,0.3333333333333333,0.2,0.4
3145,3,1,0.3333333333333333,0.2,0.5
3146,2,0,0.3333333333333333,0.2,0.3
3147,1,0,0.3333333333333333,0.2,0.4
3148,0,0,0.0,0.2,0.5
3149,1,0,0.0,0.2,0.1
3150,0,0,0.3333333333333333,0.2,0.3
3151,3,0,0.0,0.2,0.4
3152,1,0,0.3333333333333333,0.4,0.5
3153,1,0,0.0,0.2,0.2
3154,0,1,1.0,0.8,0.5
3155,1,0,0.3333333333333333,0.2,0.3
3156,3,0,0.3333333333333333,0.6,0.6
3157,2,1,0.3333333333333333,0.2,0.2
3158,1,0,0.3333333333333333,0.2,0.3
3159,3,0,0.0,0.2,0.1
3160,3,0,0.0,0.2,0.3
3161,0,0,0.3333333333333333,0.2,0.3
3162,3,1,0.3333333333333333,0.6,0.7
3163,1,1,0.3333333333333333,0.2,0.3
3164,2,0,0.3333333333333333,0.4,0.2
3165,1,0,0.0,0.2,0.3
3166,1,0,0.0,0.2,0.3
3167,1,0,0.0,0.2,0.2
3168,2,1,0.3333333333333333,0.4,0.2
3169,2,0,0.0,0.0,0.0
3170,3,0,0.3333333333333333,0.2,0.4
3171,1,0,0.0,0.2,0.4
3172,0,1,0.6666666666666666,0.8,0.6
3173,1,1,0.6666666666666666,0.4,0.4
3174,3,0,0.0,0.2,0.3
3175,0,1,0.6666666666666666,0.6,0.5
3176,3,0,0.3333333333333333,0.2,0.2
3177,1,0,0.3333333333333333,0.2,0.3
3178,0,0,0.3333333333333333,0.4,0.6
3179,1,0,0.0,0.2,0.3
3180,1,0,0.6666666666666666,0.6,0.4
3181,0,1,0.3333333333333333,0.4,0.4
3182,1,0,0.3333333333333333,0.4,0.4
3183,2,1,0.6666666666666666,0.6,0.4
3184,2,0,0.0,0.0,0.0
3185,0,0,0.0,0.2,0.1
3186,0,0,0.0,0.2,0.6
3187,0,0,0.3333333333333333,0.4,0.4
3188,2,1,0.6666666666666666,0.4,0.3
3189,3,0,0.3333333333333333,0.4,0.4
3190,2,1,0.6666666666666666,0.4,0.5
3191,1,0,0.0,0.0,0.2
3192,3,0,0.3333333333333333,0.4,0.4
3193,2,0,0.0,0.4,0.4
3194,0,1,1.0,0.8,0.8
3195,2,0,0.3333333333333333,0.2,0.2
3196,1,0,0.3333333333333333,0.6,0.3
3197,1,0,0.6666666666666666,0.6,0.4
3198,3,0,0.0,0.2,0.4
3199,0,1,0.6666666666666666,0.6,0.6
