id,target,dominant_prediction,correct_models,total_models,correct_ratio,majority_count,confidence,majority_correct,pred_SVC_s42,correct_SVC_s42,pred_SVC_s123,correct_SVC_s123,pred_SVC_s2026,correct_SVC_s2026,pred_CatBoost_s42,correct_CatBoost_s42,pred_CatBoost_s123,correct_CatBoost_s123,pred_CatBoost_s2026,correct_CatBoost_s2026,pred_RF_s42,correct_RF_s42,pred_RF_s123,correct_RF_s123,pred_RF_s2026,correct_RF_s2026,pred_ET_s42,correct_ET_s42,pred_ET_s123,correct_ET_s123,pred_ET_s2026,correct_ET_s2026,pred_HGB_s42,correct_HGB_s42,pred_HGB_s123,correct_HGB_s123,pred_HGB_s2026,correct_HGB_s2026,category,mean_confidence
5,1,3,0,15,0.0,14,0.9333333333333333,0,3,0,3,0,3,0,3,0,3,0,3,0,3,0,3,0,3,0,3,0,3,0,3,0,2,0,3,0,3,0,CONSISTENTLY_WRONG,0.9333333333333333
7,0,1,3,15,0.2,12,0.8,0,1,0,1,0,1,0,1,0,1,0,1,0,1,0,1,0,1,0,0,1,0,1,0,1,1,0,1,0,1,0,UNCERTAIN,0.8
11,2,3,3,15,0.2,12,0.8,0,2,1,2,1,2,1,3,0,3,0,3,0,3,0,3,0,3,0,3,0,3,0,3,0,3,0,3,0,3,0,UNCERTAIN,0.8
13,2,3,0,15,0.0,15,1.0,0,3,0,3,0,3,0,3,0,3,0,3,0,3,0,3,0,3,0,3,0,3,0,3,0,3,0,3,0,3,0,CONSISTENTLY_WRONG,1.0
17,3,2,0,15,0.0,12,0.8,0,2,0,2,0,2,0,2,0,2,0,2,0,2,0,2,0,1,0,1,0,2,0,1,0,2,0,2,0,2,0,CONSISTENTLY_WRONG,0.8
21,0,1,2,15,0.13333333333333333,12,0.8,0,0,1,0,1,1,0,1,0,1,0,1,0,1,0,1,0,1,0,1,0,3,0,1,0,1,0,1,0,1,0,CONSISTENTLY_WRONG,0.8
36,1,3,0,15,0.0,13,0.8666666666666667,0,2,0,3,0,3,0,3,0,3,0,3,0,3,0,3,0,3,0,3,0,3,0,3,0,2,0,3,0,3,0,CONSISTENTLY_WRONG,0.8666666666666667
42,2,1,2,15,0.13333333333333333,12,0.8,0,1,0,1,0,1,0,1,0,2,1,1,0,1,0,1,0,1,0,0,0,1,0,1,0,1,0,2,1,1,0,CONSISTENTLY_WRONG,0.8
44,2,3,0,15,0.0,15,1.0,0,3,0,3,0,3,0,3,0,3,0,3,0,3,0,3,0,3,0,3,0,3,0,3,0,3,0,3,0,3,0,CONSISTENTLY_WRONG,1.0
52,0,2,0,15,0.0,12,0.8,0,1,0,1,0,1,0,2,0,2,0,2,0,2,0,2,0,2,0,2,0,2,0,2,0,2,0,2,0,2,0,CONSISTENTLY_WRONG,0.8
60,2,0,0,15,0.0,12,0.8,0,0,0,0,0,0,0,0,0,0,0,0,0,0,0,0,0,0,0,0,0,0,0,0,0,1,0,1,0,1,0,CONSISTENTLY_WRONG,0.8
65,1,0,0,15,0.0,14,0.9333333333333333,0,0,0,0,0,0,0,0,0,0,0,0,0,0,0,0,0,0,0,0,0,0,0,0,0,0,0,0,0,2,0,CONSISTENTLY_WRONG,0.9333333333333333
71,3,2,2,15,0.13333333333333333,12,0.8,0,2,0,3,1,3,1,2,0,2,0,2,0,2,0,2,0,2,0,2,0,2,0,2,0,2,0,1,0,2,0,CONSISTENTLY_WRONG,0.8
75,2,0,0,15,0.0,12,0.8,0,1,0,0,0,0,0,0,0,0,0,0,0,0,0,0,0,0,0,0,0,0,0,0,0,1,0,1,0,0,0,CONSISTENTLY_WRONG,0.8
76,1,3,0,15,0.0,15,1.0,0,3,0,3,0,3,0,3,0,3,0,3,0,3,0,3,0,3,0,3,0,3,0,3,0,3,0,3,0,3,0,CONSISTENTLY_WRONG,1.0
81,2,3,0,15,0.0,12,0.8,0,3,0,3,0,3,0,3,0,3,0,3,0,3,0,3,0,1,0,3,0,1,0,1,0,3,0,3,0,3,0,CONSISTENTLY_WRONG,0.8
90,2,1,3,15,0.2,12,0.8,0,1,0,1,0,1,0,1,0,1,0,1,0,1,0,2,1,1,0,1,0,1,0,1,0,1,0,2,1,2,1,UNCERTAIN,0.8
94,0,1,2,15,0.13333333333333333,12,0.8,0,1,0,1,0,1,0,1,0,1,0,1,0,1,0,1,0,1,0,1,0,1,0,2,0,0,1,0,1,1,0,CONSISTENTLY_WRONG,0.8
96,1,0,1,15,0.06666666666666667,14,0.9333333333333333,0,1,1,0,0,0,0,0,0,0,0,0,0,0,0,0,0,0,0,0,0,0,0,0,0,0,0,0,0,0,0,CONSISTENTLY_WRONG,0.9333333333333333
101,2,3,2,15,0.13333333333333333,13,0.8666666666666667,0,3,0,3,0,2,1,3,0,3,0,3,0,3,0,3,0,3,0,3,0,2,1,3,0,3,0,3,0,3,0,CONSISTENTLY_WRONG,0.8666666666666667
105,0,2,0,15,0.0,12,0.8,0,1,0,2,0,2,0,2,0,2,0,3,0,2,0,2,0,2,0,2,0,2,0,2,0,2,0,2,0,3,0,CONSISTENTLY_WRONG,0.8
114,1,3,0,15,0.0,12,0.8,0,2,0,2,0,3,0,2,0,3,0,3,0,3,0,3,0,3,0,3,0,3,0,3,0,3,0,3,0,3,0,CONSISTENTLY_WRONG,0.8
117,0,1,0,15,0.0,13,0.8666666666666667,0,1,0,1,0,1,0,1,0,1,0,1,0,1,0,2,0,1,0,1,0,1,0,1,0,1,0,1,0,2,0,CONSISTENTLY_WRONG,0.8666666666666667
121,0,1,0,15,0.0,12,0.8,0,2,0,2,0,2,0,1,0,1,0,1,0,1,0,1,0,1,0,1,0,1,0,1,0,1,0,1,0,1,0,CONSISTENTLY_WRONG,0.8
123,1,2,0,15,0.0,13,0.8666666666666667,0,2,0,2,0,2,0,2,0,2,0,2,0,2,0,2,0,2,0,2,0,2,0,2,0,0,0,2,0,0,0,CONSISTENTLY_WRONG,0.8666666666666667
137,1,3,1,15,0.06666666666666667,13,0.8666666666666667,0,3,0,3,0,3,0,2,0,3,0,1,1,3,0,3,0,3,0,3,0,3,0,3,0,3,0,3,0,3,0,CONSISTENTLY_WRONG,0.8666666666666667
140,1,0,0,15,0.0,15,1.0,0,0,0,0,0,0,0,0,0,0,0,0,0,0,0,0,0,0,0,0,0,0,0,0,0,0,0,0,0,0,0,CONSISTENTLY_WRONG,1.0
147,2,1,1,15,0.06666666666666667,14,0.9333333333333333,0,1,0,1,0,1,0,1,0,1,0,1,0,1,0,1,0,1,0,1,0,1,0,1,0,2,1,1,0,1,0,CONSISTENTLY_WRONG,0.9333333333333333
148,2,3,1,15,0.06666666666666667,14,0.9333333333333333,0,2,1,3,0,3,0,3,0,3,0,3,0,3,0,3,0,3,0,3,0,3,0,3,0,3,0,3,0,3,0,CONSISTENTLY_WRONG,0.9333333333333333
154,2,1,1,15,0.06666666666666667,12,0.8,0,1,0,0,0,0,0,1,0,1,0,2,1,1,0,1,0,1,0,1,0,1,0,1,0,1,0,1,0,1,0,CONSISTENTLY_WRONG,0.8
159,1,0,2,15,0.13333333333333333,13,0.8666666666666667,0,0,0,0,0,0,0,0,0,0,0,0,0,0,0,0,0,0,0,0,0,0,0,0,0,1,1,0,0,1,1,CONSISTENTLY_WRONG,0.8666666666666667
160,2,0,0,15,0.0,12,0.8,0,0,0,0,0,0,0,0,0,0,0,0,0,0,0,0,0,0,0,0,0,0,0,0,0,1,0,1,0,1,0,CONSISTENTLY_WRONG,0.8
175,2,1,1,15,0.06666666666666667,14,0.9333333333333333,0,1,0,1,0,1,0,1,0,2,1,1,0,1,0,1,0,1,0,1,0,1,0,1,0,1,0,1,0,1,0,CONSISTENTLY_WRONG,0.9333333333333333
177,2,3,0,15,0.0,14,0.9333333333333333,0,3,0,3,0,3,0,3,0,3,0,3,0,3,0,3,0,3,0,3,0,3,0,3,0,3,0,1,0,3,0,CONSISTENTLY_WRONG,0.9333333333333333
182,1,0,3,15,0.2,12,0.8,0,1,1,1,1,1,1,0,0,0,0,0,0,0,0,0,0,0,0,0,0,0,0,0,0,0,0,0,0,0,0,UNCERTAIN,0.8
184,2,3,0,15,0.0,15,1.0,0,3,0,3,0,3,0,3,0,3,0,3,0,3,0,3,0,3,0,3,0,3,0,3,0,3,0,3,0,3,0,CONSISTENTLY_WRONG,1.0
187,1,0,3,15,0.2,12,0.8,0,0,0,0,0,0,0,0,0,0,0,0,0,1,1,1,1,1,1,0,0,0,0,0,0,0,0,0,0,0,0,UNCERTAIN,0.8
195,2,1,1,15,0.06666666666666667,14,0.9333333333333333,0,1,0,1,0,1,0,1,0,1,0,1,0,1,0,1,0,1,0,1,0,2,1,1,0,1,0,1,0,1,0,CONSISTENTLY_WRONG,0.9333333333333333
204,1,0,2,15,0.13333333333333333,13,0.8666666666666667,0,0,0,0,0,0,0,0,0,0,0,0,0,1,1,1,1,0,0,0,0,0,0,0,0,0,0,0,0,0,0,CONSISTENTLY_WRONG,0.8666666666666667
207,2,1,2,15,0.13333333333333333,13,0.8666666666666667,0,1,0,1,0,1,0,1,0,1,0,1,0,1,0,1,0,1,0,1,0,1,0,1,0,1,0,2,1,2,1,CONSISTENTLY_WRONG,0.8666666666666667
211,1,0,0,15,0.0,15,1.0,0,0,0,0,0,0,0,0,0,0,0,0,0,0,0,0,0,0,0,0,0,0,0,0,0,0,0,0,0,0,0,CONSISTENTLY_WRONG,1.0
218,0,1,0,15,0.0,13,0.8666666666666667,0,3,0,3,0,1,0,1,0,1,0,1,0,1,0,1,0,1,0,1,0,1,0,1,0,1,0,1,0,1,0,CONSISTENTLY_WRONG,0.8666666666666667
219,2,3,0,15,0.0,15,1.0,0,3,0,3,0,3,0,3,0,3,0,3,0,3,0,3,0,3,0,3,0,3,0,3,0,3,0,3,0,3,0,CONSISTENTLY_WRONG,1.0
222,3,2,0,15,0.0,13,0.8666666666666667,0,2,0,2,0,2,0,2,0,2,0,2,0,2,0,2,0,2,0,2,0,2,0,2,0,1,0,2,0,1,0,CONSISTENTLY_WRONG,0.8666666666666667
228,2,3,2,15,0.13333333333333333,12,0.8,0,2,1,1,0,2,1,3,0,3,0,3,0,3,0,3,0,3,0,3,0,3,0,3,0,3,0,3,0,3,0,CONSISTENTLY_WRONG,0.8
232,3,2,0,15,0.0,15,1.0,0,2,0,2,0,2,0,2,0,2,0,2,0,2,0,2,0,2,0,2,0,2,0,2,0,2,0,2,0,2,0,CONSISTENTLY_WRONG,1.0
236,1,0,1,15,0.06666666666666667,14,0.9333333333333333,0,0,0,0,0,0,0,1,1,0,0,0,0,0,0,0,0,0,0,0,0,0,0,0,0,0,0,0,0,0,0,CONSISTENTLY_WRONG,0.9333333333333333
239,0,1,1,15,0.06666666666666667,14,0.9333333333333333,0,1,0,1,0,1,0,1,0,1,0,1,0,1,0,1,0,1,0,0,1,1,0,1,0,1,0,1,0,1,0,CONSISTENTLY_WRONG,0.9333333333333333
240,2,0,0,15,0.0,15,1.0,0,0,0,0,0,0,0,0,0,0,0,0,0,0,0,0,0,0,0,0,0,0,0,0,0,0,0,0,0,0,0,CONSISTENTLY_WRONG,1.0
256,1,0,0,15,0.0,15,1.0,0,0,0,0,0,0,0,0,0,0,0,0,0,0,0,0,0,0,0,0,0,0,0,0,0,0,0,0,0,0,0,CONSISTENTLY_WRONG,1.0
262,2,1,2,15,0.13333333333333333,12,0.8,0,2,1,1,0,1,0,1,0,2,1,1,0,1,0,1,0,1,0,1,0,1,0,1,0,1,0,1,0,3,0,CONSISTENTLY_WRONG,0.8
266,2,3,1,15,0.06666666666666667,12,0.8,0,0,0,2,1,0,0,3,0,3,0,3,0,3,0,3,0,3,0,3,0,3,0,3,0,3,0,3,0,3,0,CONSISTENTLY_WRONG,0.8
274,3,2,0,15,0.0,12,0.8,0,1,0,2,0,1,0,2,0,2,0,2,0,2,0,2,0,2,0,2,0,2,0,2,0,1,0,2,0,2,0,CONSISTENTLY_WRONG,0.8
279,1,0,1,15,0.06666666666666667,14,0.9333333333333333,0,1,1,0,0,0,0,0,0,0,0,0,0,0,0,0,0,0,0,0,0,0,0,0,0,0,0,0,0,0,0,CONSISTENTLY_WRONG,0.9333333333333333
284,1,0,2,15,0.13333333333333333,13,0.8666666666666667,0,1,1,1,1,0,0,0,0,0,0,0,0,0,0,0,0,0,0,0,0,0,0,0,0,0,0,0,0,0,0,CONSISTENTLY_WRONG,0.8666666666666667
290,0,2,2,15,0.13333333333333333,12,0.8,0,2,0,2,0,0,1,2,0,0,1,2,0,2,0,2,0,2,0,2,0,3,0,2,0,2,0,2,0,2,0,CONSISTENTLY_WRONG,0.8
299,2,3,0,15,0.0,15,1.0,0,3,0,3,0,3,0,3,0,3,0,3,0,3,0,3,0,3,0,3,0,3,0,3,0,3,0,3,0,3,0,CONSISTENTLY_WRONG,1.0
307,0,1,0,15,0.0,14,0.9333333333333333,0,2,0,1,0,1,0,1,0,1,0,1,0,1,0,1,0,1,0,1,0,1,0,1,0,1,0,1,0,1,0,CONSISTENTLY_WRONG,0.9333333333333333
309,0,3,0,15,0.0,14,0.9333333333333333,0,3,0,3,0,3,0,3,0,1,0,3,0,3,0,3,0,3,0,3,0,3,0,3,0,3,0,3,0,3,0,CONSISTENTLY_WRONG,0.9333333333333333
311,1,0,0,15,0.0,15,1.0,0,0,0,0,0,0,0,0,0,0,0,0,0,0,0,0,0,0,0,0,0,0,0,0,0,0,0,0,0,0,0,CONSISTENTLY_WRONG,1.0
320,2,3,0,15,0.0,13,0.8666666666666667,0,3,0,3,0,3,0,3,0,3,0,3,0,3,0,3,0,3,0,3,0,3,0,3,0,3,0,0,0,0,0,CONSISTENTLY_WRONG,0.8666666666666667
330,2,3,1,15,0.06666666666666667,14,0.9333333333333333,0,3,0,3,0,3,0,3,0,3,0,3,0,3,0,2,1,3,0,3,0,3,0,3,0,3,0,3,0,3,0,CONSISTENTLY_WRONG,0.9333333333333333
331,1,0,1,15,0.06666666666666667,14,0.9333333333333333,0,1,1,0,0,0,0,0,0,0,0,0,0,0,0,0,0,0,0,0,0,0,0,0,0,0,0,0,0,0,0,CONSISTENTLY_WRONG,0.9333333333333333
343,1,0,2,15,0.13333333333333333,13,0.8666666666666667,0,0,0,1,1,0,0,0,0,0,0,0,0,0,0,1,1,0,0,0,0,0,0,0,0,0,0,0,0,0,0,CONSISTENTLY_WRONG,0.8666666666666667
352,2,1,0,15,0.0,12,0.8,0,0,0,0,0,1,0,1,0,1,0,1,0,1,0,1,0,1,0,1,0,1,0,1,0,1,0,0,0,1,0,CONSISTENTLY_WRONG,0.8
370,1,0,3,15,0.2,12,0.8,0,0,0,0,0,0,0,0,0,0,0,0,0,1,1,0,0,1,1,0,0,0,0,0,0,0,0,0,0,1,1,UNCERTAIN,0.8
381,2,1,3,15,0.2,12,0.8,0,2,1,1,0,2,1,2,1,1,0,1,0,1,0,1,0,1,0,1,0,1,0,1,0,1,0,1,0,1,0,UNCERTAIN,0.8
389,1,0,1,15,0.06666666666666667,14,0.9333333333333333,0,0,0,0,0,0,0,0,0,0,0,0,0,0,0,0,0,0,0,0,0,0,0,0,0,1,1,0,0,0,0,CONSISTENTLY_WRONG,0.9333333333333333
397,1,0,3,15,0.2,12,0.8,0,0,0,0,0,1,1,0,0,0,0,0,0,0,0,0,0,0,0,0,0,0,0,0,0,0,0,1,1,1,1,UNCERTAIN,0.8
398,1,0,0,15,0.0,13,0.8666666666666667,0,2,0,3,0,0,0,0,0,0,0,0,0,0,0,0,0,0,0,0,0,0,0,0,0,0,0,0,0,0,0,CONSISTENTLY_WRONG,0.8666666666666667
403,3,0,0,15,0.0,14,0.9333333333333333,0,0,0,0,0,0,0,0,0,0,0,0,0,0,0,0,0,0,0,0,0,0,0,0,0,1,0,0,0,0,0,CONSISTENTLY_WRONG,0.9333333333333333
424,2,3,0,15,0.0,15,1.0,0,3,0,3,0,3,0,3,0,3,0,3,0,3,0,3,0,3,0,3,0,3,0,3,0,3,0,3,0,3,0,CONSISTENTLY_WRONG,1.0
426,1,0,0,15,0.0,15,1.0,0,0,0,0,0,0,0,0,0,0,0,0,0,0,0,0,0,0,0,0,0,0,0,0,0,0,0,0,0,0,0,CONSISTENTLY_WRONG,1.0
430,2,3,1,15,0.06666666666666667,13,0.8666666666666667,0,3,0,3,0,3,0,3,0,3,0,3,0,3,0,3,0,3,0,3,0,3,0,3,0,1,0,3,0,2,1,CONSISTENTLY_WRONG,0.8666666666666667
431,1,3,0,15,0.0,15,1.0,0,3,0,3,0,3,0,3,0,3,0,3,0,3,0,3,0,3,0,3,0,3,0,3,0,3,0,3,0,3,0,CONSISTENTLY_WRONG,1.0
440,1,2,1,15,0.06666666666666667,13,0.8666666666666667,0,2,0,2,0,3,0,1,1,2,0,2,0,2,0,2,0,2,0,2,0,2,0,2,0,2,0,2,0,2,0,CONSISTENTLY_WRONG,0.8666666666666667
442,1,0,0,15,0.0,15,1.0,0,0,0,0,0,0,0,0,0,0,0,0,0,0,0,0,0,0,0,0,0,0,0,0,0,0,0,0,0,0,0,CONSISTENTLY_WRONG,1.0
443,2,3,2,15,0.13333333333333333,13,0.8666666666666667,0,2,1,3,0,3,0,3,0,2,1,3,0,3,0,3,0,3,0,3,0,3,0,3,0,3,0,3,0,3,0,CONSISTENTLY_WRONG,0.8666666666666667
446,0,1,3,15,0.2,12,0.8,0,0,1,0,1,0,1,1,0,1,0,1,0,1,0,1,0,1,0,1,0,1,0,1,0,1,0,1,0,1,0,UNCERTAIN,0.8
447,2,3,1,15,0.06666666666666667,14,0.9333333333333333,0,3,0,3,0,2,1,3,0,3,0,3,0,3,0,3,0,3,0,3,0,3,0,3,0,3,0,3,0,3,0,CONSISTENTLY_WRONG,0.9333333333333333
462,1,0,2,15,0.13333333333333333,13,0.8666666666666667,0,0,0,0,0,0,0,0,0,0,0,0,0,0,0,0,0,1,1,0,0,0,0,1,1,0,0,0,0,0,0,CONSISTENTLY_WRONG,0.8666666666666667
465,1,0,3,15,0.2,12,0.8,0,1,1,1,1,1,1,0,0,0,0,0,0,0,0,0,0,0,0,0,0,0,0,0,0,0,0,0,0,0,0,UNCERTAIN,0.8
467,2,3,0,15,0.0,15,1.0,0,3,0,3,0,3,0,3,0,3,0,3,0,3,0,3,0,3,0,3,0,3,0,3,0,3,0,3,0,3,0,CONSISTENTLY_WRONG,1.0
468,1,0,3,15,0.2,12,0.8,0,0,0,1,1,0,0,1,1,0,0,0,0,0,0,0,0,0,0,1,1,0,0,0,0,0,0,0,0,0,0,UNCERTAIN,0.8
474,3,2,2,15,0.13333333333333333,13,0.8666666666666667,0,3,1,2,0,3,1,2,0,2,0,2,0,2,0,2,0,2,0,2,0,2,0,2,0,2,0,2,0,2,0,CONSISTENTLY_WRONG,0.8666666666666667
475,1,0,0,15,0.0,13,0.8666666666666667,0,0,0,0,0,0,0,0,0,0,0,0,0,0,0,0,0,0,0,0,0,0,0,0,0,0,0,2,0,2,0,CONSISTENTLY_WRONG,0.8666666666666667
482,2,0,0,15,0.0,12,0.8,0,1,0,0,0,1,0,0,0,0,0,0,0,0,0,0,0,0,0,0,0,0,0,0,0,0,0,0,0,1,0,CONSISTENTLY_WRONG,0.8
491,2,3,0,15,0.0,15,1.0,0,3,0,3,0,3,0,3,0,3,0,3,0,3,0,3,0,3,0,3,0,3,0,3,0,3,0,3,0,3,0,CONSISTENTLY_WRONG,1.0
501,2,1,0,15,0.0,14,0.9333333333333333,0,1,0,3,0,1,0,1,0,1,0,1,0,1,0,1,0,1,0,1,0,1,0,1,0,1,0,1,0,1,0,CONSISTENTLY_WRONG,0.9333333333333333
509,1,0,1,15,0.06666666666666667,14,0.9333333333333333,0,0,0,0,0,1,1,0,0,0,0,0,0,0,0,0,0,0,0,0,0,0,0,0,0,0,0,0,0,0,0,CONSISTENTLY_WRONG,0.9333333333333333
510,0,2,0,15,0.0,12,0.8,0,2,0,2,0,1,0,2,0,2,0,2,0,2,0,2,0,2,0,2,0,1,0,2,0,2,0,2,0,1,0,CONSISTENTLY_WRONG,0.8
515,2,1,3,15,0.2,12,0.8,0,2,1,2,1,1,0,1,0,1,0,1,0,1,0,1,0,1,0,1,0,1,0,1,0,2,1,1,0,1,0,UNCERTAIN,0.8
517,2,3,1,15,0.06666666666666667,12,0.8,0,3,0,3,0,3,0,3,0,2,1,3,0,3,0,3,0,3,0,3,0,3,0,3,0,1,0,3,0,1,0,CONSISTENTLY_WRONG,0.8
523,1,0,0,15,0.0,15,1.0,0,0,0,0,0,0,0,0,0,0,0,0,0,0,0,0,0,0,0,0,0,0,0,0,0,0,0,0,0,0,0,CONSISTENTLY_WRONG,1.0
529,2,3,0,15,0.0,15,1.0,0,3,0,3,0,3,0,3,0,3,0,3,0,3,0,3,0,3,0,3,0,3,0,3,0,3,0,3,0,3,0,CONSISTENTLY_WRONG,1.0
531,1,3,0,15,0.0,14,0.9333333333333333,0,2,0,3,0,3,0,3,0,3,0,3,0,3,0,3,0,3,0,3,0,3,0,3,0,3,0,3,0,3,0,CONSISTENTLY_WRONG,0.9333333333333333
534,1,0,1,15,0.06666666666666667,14,0.9333333333333333,0,0,0,0,0,0,0,0,0,0,0,0,0,1,1,0,0,0,0,0,0,0,0,0,0,0,0,0,0,0,0,CONSISTENTLY_WRONG,0.9333333333333333
541,1,2,1,15,0.06666666666666667,13,0.8666666666666667,0,2,0,2,0,2,0,2,0,2,0,2,0,2,0,2,0,2,0,2,0,3,0,2,0,2,0,2,0,1,1,CONSISTENTLY_WRONG,0.8666666666666667
542,1,0,0,15,0.0,15,1.0,0,0,0,0,0,0,0,0,0,0,0,0,0,0,0,0,0,0,0,0,0,0,0,0,0,0,0,0,0,0,0,CONSISTENTLY_WRONG,1.0
545,2,3,2,15,0.13333333333333333,13,0.8666666666666667,0,3,0,2,1,2,1,3,0,3,0,3,0,3,0,3,0,3,0,3,0,3,0,3,0,3,0,3,0,3,0,CONSISTENTLY_WRONG,0.8666666666666667
548,2,1,2,15,0.13333333333333333,13,0.8666666666666667,0,1,0,1,0,1,0,1,0,1,0,1,0,1,0,1,0,1,0,1,0,1,0,2,1,1,0,1,0,2,1,CONSISTENTLY_WRONG,0.8666666666666667
553,0,3,0,15,0.0,14,0.9333333333333333,0,3,0,3,0,3,0,3,0,3,0,3,0,3,0,3,0,3,0,3,0,3,0,3,0,3,0,1,0,3,0,CONSISTENTLY_WRONG,0.9333333333333333
554,3,2,0,15,0.0,13,0.8666666666666667,0,2,0,2,0,2,0,2,0,2,0,1,0,2,0,2,0,2,0,2,0,2,0,2,0,2,0,2,0,1,0,CONSISTENTLY_WRONG,0.8666666666666667
556,2,0,0,15,0.0,15,1.0,0,0,0,0,0,0,0,0,0,0,0,0,0,0,0,0,0,0,0,0,0,0,0,0,0,0,0,0,0,0,0,CONSISTENTLY_WRONG,1.0
559,1,2,1,15,0.06666666666666667,14,0.9333333333333333,0,2,0,2,0,2,0,2,0,2,0,2,0,2,0,2,0,2,0,2,0,2,0,2,0,2,0,2,0,1,1,CONSISTENTLY_WRONG,0.9333333333333333
560,2,3,0,15,0.0,15,1.0,0,3,0,3,0,3,0,3,0,3,0,3,0,3,0,3,0,3,0,3,0,3,0,3,0,3,0,3,0,3,0,CONSISTENTLY_WRONG,1.0
561,1,0,1,15,0.06666666666666667,14,0.9333333333333333,0,0,0,1,1,0,0,0,0,0,0,0,0,0,0,0,0,0,0,0,0,0,0,0,0,0,0,0,0,0,0,CONSISTENTLY_WRONG,0.9333333333333333
572,2,3,1,15,0.06666666666666667,14,0.9333333333333333,0,3,0,3,0,2,1,3,0,3,0,3,0,3,0,3,0,3,0,3,0,3,0,3,0,3,0,3,0,3,0,CONSISTENTLY_WRONG,0.9333333333333333
576,3,2,0,15,0.0,14,0.9333333333333333,0,2,0,2,0,2,0,2,0,2,0,2,0,2,0,2,0,2,0,1,0,2,0,2,0,2,0,2,0,2,0,CONSISTENTLY_WRONG,0.9333333333333333
587,2,3,0,15,0.0,15,1.0,0,3,0,3,0,3,0,3,0,3,0,3,0,3,0,3,0,3,0,3,0,3,0,3,0,3,0,3,0,3,0,CONSISTENTLY_WRONG,1.0
589,0,1,1,15,0.06666666666666667,13,0.8666666666666667,0,1,0,1,0,1,0,1,0,1,0,1,0,1,0,1,0,2,0,1,0,1,0,1,0,0,1,1,0,1,0,CONSISTENTLY_WRONG,0.8666666666666667
596,2,3,1,15,0.06666666666666667,14,0.9333333333333333,0,3,0,3,0,3,0,3,0,3,0,3,0,3,0,3,0,3,0,3,0,3,0,3,0,2,1,3,0,3,0,CONSISTENTLY_WRONG,0.9333333333333333
609,1,0,2,15,0.13333333333333333,13,0.8666666666666667,0,0,0,1,1,0,0,0,0,1,1,0,0,0,0,0,0,0,0,0,0,0,0,0,0,0,0,0,0,0,0,CONSISTENTLY_WRONG,0.8666666666666667
613,0,1,0,15,0.0,15,1.0,0,1,0,1,0,1,0,1,0,1,0,1,0,1,0,1,0,1,0,1,0,1,0,1,0,1,0,1,0,1,0,CONSISTENTLY_WRONG,1.0
616,1,0,0,15,0.0,15,1.0,0,0,0,0,0,0,0,0,0,0,0,0,0,0,0,0,0,0,0,0,0,0,0,0,0,0,0,0,0,0,0,CONSISTENTLY_WRONG,1.0
621,1,3,0,15,0.0,13,0.8666666666666667,0,3,0,2,0,3,0,3,0,3,0,3,0,3,0,3,0,3,0,3,0,3,0,3,0,3,0,3,0,2,0,CONSISTENTLY_WRONG,0.8666666666666667
625,2,3,0,15,0.0,15,1.0,0,3,0,3,0,3,0,3,0,3,0,3,0,3,0,3,0,3,0,3,0,3,0,3,0,3,0,3,0,3,0,CONSISTENTLY_WRONG,1.0
627,1,2,1,15,0.06666666666666667,13,0.8666666666666667,0,2,0,1,1,0,0,2,0,2,0,2,0,2,0,2,0,2,0,2,0,2,0,2,0,2,0,2,0,2,0,CONSISTENTLY_WRONG,0.8666666666666667
632,2,3,1,15,0.06666666666666667,14,0.9333333333333333,0,2,1,3,0,3,0,3,0,3,0,3,0,3,0,3,0,3,0,3,0,3,0,3,0,3,0,3,0,3,0,CONSISTENTLY_WRONG,0.9333333333333333
636,0,1,2,15,0.13333333333333333,13,0.8666666666666667,0,0,1,1,0,1,0,1,0,1,0,1,0,1,0,1,0,1,0,1,0,1,0,1,0,0,1,1,0,1,0,CONSISTENTLY_WRONG,0.8666666666666667
641,0,1,2,15,0.13333333333333333,12,0.8,0,1,0,1,0,1,0,1,0,1,0,1,0,1,0,1,0,1,0,0,1,0,1,1,0,2,0,1,0,1,0,CONSISTENTLY_WRONG,0.8
642,1,0,0,15,0.0,15,1.0,0,0,0,0,0,0,0,0,0,0,0,0,0,0,0,0,0,0,0,0,0,0,0,0,0,0,0,0,0,0,0,CONSISTENTLY_WRONG,1.0
647,2,1,3,15,0.2,12,0.8,0,1,0,2,1,2,1,1,0,1,0,1,0,1,0,1,0,1,0,1,0,1,0,1,0,1,0,1,0,2,1,UNCERTAIN,0.8
648,2,3,1,15,0.06666666666666667,14,0.9333333333333333,0,3,0,3,0,3,0,3,0,3,0,3,0,3,0,3,0,3,0,3,0,3,0,3,0,3,0,2,1,3,0,CONSISTENTLY_WRONG,0.9333333333333333
649,1,0,0,15,0.0,15,1.0,0,0,0,0,0,0,0,0,0,0,0,0,0,0,0,0,0,0,0,0,0,0,0,0,0,0,0,0,0,0,0,CONSISTENTLY_WRONG,1.0
651,1,0,0,15,0.0,15,1.0,0,0,0,0,0,0,0,0,0,0,0,0,0,0,0,0,0,0,0,0,0,0,0,0,0,0,0,0,0,0,0,CONSISTENTLY_WRONG,1.0
656,1,2,0,15,0.0,13,0.8666666666666667,0,2,0,2,0,2,0,3,0,2,0,2,0,2,0,2,0,2,0,2,0,2,0,2,0,3,0,2,0,2,0,CONSISTENTLY_WRONG,0.8666666666666667
666,2,3,1,15,0.06666666666666667,14,0.9333333333333333,0,3,0,3,0,3,0,3,0,3,0,3,0,3,0,3,0,3,0,3,0,3,0,3,0,3,0,3,0,2,1,CONSISTENTLY_WRONG,0.9333333333333333
673,1,3,0,15,0.0,13,0.8666666666666667,0,3,0,3,0,0,0,3,0,3,0,3,0,3,0,3,0,2,0,3,0,3,0,3,0,3,0,3,0,3,0,CONSISTENTLY_WRONG,0.8666666666666667
676,2,3,0,15,0.0,15,1.0,0,3,0,3,0,3,0,3,0,3,0,3,0,3,0,3,0,3,0,3,0,3,0,3,0,3,0,3,0,3,0,CONSISTENTLY_WRONG,1.0
683,0,1,3,15,0.2,12,0.8,0,1,0,1,0,1,0,1,0,1,0,1,0,1,0,1,0,1,0,0,1,0,1,0,1,1,0,1,0,1,0,UNCERTAIN,0.8
687,2,3,2,15,0.13333333333333333,13,0.8666666666666667,0,2,1,3,0,2,1,3,0,3,0,3,0,3,0,3,0,3,0,3,0,3,0,3,0,3,0,3,0,3,0,CONSISTENTLY_WRONG,0.8666666666666667
693,1,2,1,15,0.06666666666666667,13,0.8666666666666667,0,2,0,2,0,2,0,2,0,2,0,2,0,2,0,2,0,2,0,3,0,2,0,2,0,2,0,1,1,2,0,CONSISTENTLY_WRONG,0.8666666666666667
694,1,3,0,15,0.0,15,1.0,0,3,0,3,0,3,0,3,0,3,0,3,0,3,0,3,0,3,0,3,0,3,0,3,0,3,0,3,0,3,0,CONSISTENTLY_WRONG,1.0
696,2,3,0,15,0.0,15,1.0,0,3,0,3,0,3,0,3,0,3,0,3,0,3,0,3,0,3,0,3,0,3,0,3,0,3,0,3,0,3,0,CONSISTENTLY_WRONG,1.0
705,2,1,0,15,0.0,15,1.0,0,1,0,1,0,1,0,1,0,1,0,1,0,1,0,1,0,1,0,1,0,1,0,1,0,1,0,1,0,1,0,CONSISTENTLY_WRONG,1.0
711,1,0,2,15,0.13333333333333333,13,0.8666666666666667,0,1,1,0,0,1,1,0,0,0,0,0,0,0,0,0,0,0,0,0,0,0,0,0,0,0,0,0,0,0,0,CONSISTENTLY_WRONG,0.8666666666666667
716,3,2,1,15,0.06666666666666667,14,0.9333333333333333,0,2,0,2,0,2,0,2,0,2,0,2,0,2,0,2,0,2,0,2,0,3,1,2,0,2,0,2,0,2,0,CONSISTENTLY_WRONG,0.9333333333333333
717,2,3,0,15,0.0,12,0.8,0,3,0,3,0,3,0,1,0,3,0,3,0,3,0,3,0,3,0,3,0,3,0,3,0,3,0,1,0,1,0,CONSISTENTLY_WRONG,0.8
721,0,1,0,15,0.0,12,0.8,0,2,0,2,0,1,0,1,0,1,0,1,0,1,0,1,0,1,0,2,0,1,0,1,0,1,0,1,0,1,0,CONSISTENTLY_WRONG,0.8
723,1,0,0,15,0.0,15,1.0,0,0,0,0,0,0,0,0,0,0,0,0,0,0,0,0,0,0,0,0,0,0,0,0,0,0,0,0,0,0,0,CONSISTENTLY_WRONG,1.0
726,1,0,2,15,0.13333333333333333,12,0.8,0,0,0,2,0,1,1,0,0,0,0,0,0,0,0,0,0,1,1,0,0,0,0,0,0,0,0,0,0,0,0,CONSISTENTLY_WRONG,0.8
728,1,0,0,15,0.0,15,1.0,0,0,0,0,0,0,0,0,0,0,0,0,0,0,0,0,0,0,0,0,0,0,0,0,0,0,0,0,0,0,0,CONSISTENTLY_WRONG,1.0
735,3,1,0,15,0.0,13,0.8666666666666667,0,1,0,1,0,1,0,1,0,1,0,1,0,1,0,1,0,1,0,1,0,1,0,1,0,2,0,2,0,1,0,CONSISTENTLY_WRONG,0.8666666666666667
747,2,0,0,15,0.0,14,0.9333333333333333,0,0,0,0,0,0,0,0,0,0,0,0,0,0,0,0,0,0,0,0,0,0,0,0,0,1,0,0,0,0,0,CONSISTENTLY_WRONG,0.9333333333333333
753,2,1,1,15,0.06666666666666667,14,0.9333333333333333,0,1,0,1,0,1,0,1,0,1,0,1,0,1,0,1,0,1,0,1,0,1,0,1,0,1,0,2,1,1,0,CONSISTENTLY_WRONG,0.9333333333333333
754,1,0,0,15,0.0,15,1.0,0,0,0,0,0,0,0,0,0,0,0,0,0,0,0,0,0,0,0,0,0,0,0,0,0,0,0,0,0,0,0,CONSISTENTLY_WRONG,1.0
763,3,0,1,15,0.06666666666666667,12,0.8,0,2,0,0,0,0,0,0,0,0,0,0,0,0,0,0,0,0,0,0,0,3,1,1,0,0,0,0,0,0,0,CONSISTENTLY_WRONG,0.8
765,1,0,1,15,0.06666666666666667,14,0.9333333333333333,0,0,0,0,0,1,1,0,0,0,0,0,0,0,0,0,0,0,0,0,0,0,0,0,0,0,0,0,0,0,0,CONSISTENTLY_WRONG,0.9333333333333333
767,2,3,0,15,0.0,15,1.0,0,3,0,3,0,3,0,3,0,3,0,3,0,3,0,3,0,3,0,3,0,3,0,3,0,3,0,3,0,3,0,CONSISTENTLY_WRONG,1.0
770,1,0,0,15,0.0,15,1.0,0,0,0,0,0,0,0,0,0,0,0,0,0,0,0,0,0,0,0,0,0,0,0,0,0,0,0,0,0,0,0,CONSISTENTLY_WRONG,1.0
791,2,1,0,15,0.0,12,0.8,0,0,0,0,0,0,0,1,0,1,0,1,0,1,0,1,0,1,0,1,0,1,0,1,0,1,0,1,0,1,0,CONSISTENTLY_WRONG,0.8
803,1,0,1,15,0.06666666666666667,12,0.8,0,2,0,1,1,2,0,0,0,0,0,0,0,0,0,0,0,0,0,0,0,0,0,0,0,0,0,0,0,0,0,CONSISTENTLY_WRONG,0.8
816,2,3,2,15,0.13333333333333333,13,0.8666666666666667,0,2,1,3,0,3,0,3,0,3,0,3,0,3,0,3,0,3,0,3,0,3,0,3,0,3,0,3,0,2,1,CONSISTENTLY_WRONG,0.8666666666666667
823,1,0,0,15,0.0,15,1.0,0,0,0,0,0,0,0,0,0,0,0,0,0,0,0,0,0,0,0,0,0,0,0,0,0,0,0,0,0,0,0,CONSISTENTLY_WRONG,1.0
825,2,3,1,15,0.06666666666666667,12,0.8,0,3,0,3,0,3,0,1,0,3,0,1,0,3,0,3,0,3,0,2,1,3,0,3,0,3,0,3,0,3,0,CONSISTENTLY_WRONG,0.8
832,2,0,0,15,0.0,15,1.0,0,0,0,0,0,0,0,0,0,0,0,0,0,0,0,0,0,0,0,0,0,0,0,0,0,0,0,0,0,0,0,CONSISTENTLY_WRONG,1.0
838,2,3,2,15,0.13333333333333333,13,0.8666666666666667,0,3,0,3,0,3,0,2,1,3,0,3,0,3,0,3,0,3,0,3,0,3,0,3,0,3,0,3,0,2,1,CONSISTENTLY_WRONG,0.8666666666666667
844,2,3,1,15,0.06666666666666667,14,0.9333333333333333,0,3,0,3,0,2,1,3,0,3,0,3,0,3,0,3,0,3,0,3,0,3,0,3,0,3,0,3,0,3,0,CONSISTENTLY_WRONG,0.9333333333333333
853,2,3,2,15,0.13333333333333333,13,0.8666666666666667,0,2,1,2,1,3,0,3,0,3,0,3,0,3,0,3,0,3,0,3,0,3,0,3,0,3,0,3,0,3,0,CONSISTENTLY_WRONG,0.8666666666666667
855,2,1,0,15,0.0,14,0.9333333333333333,0,1,0,1,0,1,0,1,0,1,0,1,0,1,0,1,0,1,0,1,0,1,0,1,0,1,0,0,0,1,0,CONSISTENTLY_WRONG,0.9333333333333333
859,1,0,0,15,0.0,14,0.9333333333333333,0,0,0,0,0,2,0,0,0,0,0,0,0,0,0,0,0,0,0,0,0,0,0,0,0,0,0,0,0,0,0,CONSISTENTLY_WRONG,0.9333333333333333
863,2,3,2,15,0.13333333333333333,13,0.8666666666666667,0,3,0,3,0,3,0,3,0,3,0,3,0,3,0,3,0,3,0,3,0,3,0,3,0,2,1,3,0,2,1,CONSISTENTLY_WRONG,0.8666666666666667
869,1,2,1,15,0.06666666666666667,14,0.9333333333333333,0,2,0,2,0,2,0,2,0,2,0,2,0,2,0,2,0,2,0,2,0,2,0,2,0,2,0,1,1,2,0,CONSISTENTLY_WRONG,0.9333333333333333
870,1,3,0,15,0.0,15,1.0,0,3,0,3,0,3,0,3,0,3,0,3,0,3,0,3,0,3,0,3,0,3,0,3,0,3,0,3,0,3,0,CONSISTENTLY_WRONG,1.0
875,2,1,0,15,0.0,15,1.0,0,1,0,1,0,1,0,1,0,1,0,1,0,1,0,1,0,1,0,1,0,1,0,1,0,1,0,1,0,1,0,CONSISTENTLY_WRONG,1.0
878,0,1,0,15,0.0,13,0.8666666666666667,0,3,0,3,0,1,0,1,0,1,0,1,0,1,0,1,0,1,0,1,0,1,0,1,0,1,0,1,0,1,0,CONSISTENTLY_WRONG,0.8666666666666667
890,2,3,0,15,0.0,15,1.0,0,3,0,3,0,3,0,3,0,3,0,3,0,3,0,3,0,3,0,3,0,3,0,3,0,3,0,3,0,3,0,CONSISTENTLY_WRONG,1.0
893,1,3,0,15,0.0,12,0.8,0,3,0,2,0,3,0,3,0,2,0,3,0,3,0,3,0,3,0,3,0,3,0,3,0,3,0,2,0,3,0,CONSISTENTLY_WRONG,0.8
895,1,0,0,15,0.0,15,1.0,0,0,0,0,0,0,0,0,0,0,0,0,0,0,0,0,0,0,0,0,0,0,0,0,0,0,0,0,0,0,0,CONSISTENTLY_WRONG,1.0
899,1,0,2,15,0.13333333333333333,13,0.8666666666666667,0,1,1,0,0,1,1,0,0,0,0,0,0,0,0,0,0,0,0,0,0,0,0,0,0,0,0,0,0,0,0,CONSISTENTLY_WRONG,0.8666666666666667
900,1,3,0,15,0.0,13,0.8666666666666667,0,2,0,3,0,2,0,3,0,3,0,3,0,3,0,3,0,3,0,3,0,3,0,3,0,3,0,3,0,3,0,CONSISTENTLY_WRONG,0.8666666666666667
908,2,3,0,15,0.0,15,1.0,0,3,0,3,0,3,0,3,0,3,0,3,0,3,0,3,0,3,0,3,0,3,0,3,0,3,0,3,0,3,0,CONSISTENTLY_WRONG,1.0
912,3,2,0,15,0.0,12,0.8,0,2,0,2,0,2,0,2,0,1,0,2,0,2,0,2,0,2,0,1,0,2,0,2,0,2,0,2,0,1,0,CONSISTENTLY_WRONG,0.8
913,1,0,1,15,0.06666666666666667,14,0.9333333333333333,0,0,0,0,0,0,0,0,0,0,0,0,0,0,0,0,0,0,0,0,0,0,0,0,0,0,0,0,0,1,1,CONSISTENTLY_WRONG,0.9333333333333333
914,1,3,0,15,0.0,12,0.8,0,2,0,2,0,2,0,3,0,3,0,3,0,3,0,3,0,3,0,3,0,3,0,3,0,3,0,3,0,3,0,CONSISTENTLY_WRONG,0.8
915,1,3,0,15,0.0,13,0.8666666666666667,0,2,0,3,0,3,0,3,0,3,0,3,0,3,0,3,0,3,0,3,0,3,0,3,0,3,0,3,0,2,0,CONSISTENTLY_WRONG,0.8666666666666667
927,0,1,0,15,0.0,15,1.0,0,1,0,1,0,1,0,1,0,1,0,1,0,1,0,1,0,1,0,1,0,1,0,1,0,1,0,1,0,1,0,CONSISTENTLY_WRONG,1.0
933,1,0,0,15,0.0,15,1.0,0,0,0,0,0,0,0,0,0,0,0,0,0,0,0,0,0,0,0,0,0,0,0,0,0,0,0,0,0,0,0,CONSISTENTLY_WRONG,1.0
935,2,3,0,15,0.0,15,1.0,0,3,0,3,0,3,0,3,0,3,0,3,0,3,0,3,0,3,0,3,0,3,0,3,0,3,0,3,0,3,0,CONSISTENTLY_WRONG,1.0
947,1,0,3,15,0.2,12,0.8,0,1,1,0,0,0,0,0,0,0,0,0,0,0,0,0,0,0,0,0,0,0,0,0,0,1,1,0,0,1,1,UNCERTAIN,0.8
949,1,3,0,15,0.0,15,1.0,0,3,0,3,0,3,0,3,0,3,0,3,0,3,0,3,0,3,0,3,0,3,0,3,0,3,0,3,0,3,0,CONSISTENTLY_WRONG,1.0
951,1,2,0,15,0.0,15,1.0,0,2,0,2,0,2,0,2,0,2,0,2,0,2,0,2,0,2,0,2,0,2,0,2,0,2,0,2,0,2,0,CONSISTENTLY_WRONG,1.0
954,3,2,3,15,0.2,12,0.8,0,2,0,2,0,2,0,3,1,3,1,2,0,2,0,2,0,2,0,2,0,2,0,2,0,2,0,3,1,2,0,UNCERTAIN,0.8
955,3,2,0,15,0.0,15,1.0,0,2,0,2,0,2,0,2,0,2,0,2,0,2,0,2,0,2,0,2,0,2,0,2,0,2,0,2,0,2,0,CONSISTENTLY_WRONG,1.0
957,2,0,0,15,0.0,13,0.8666666666666667,0,0,0,0,0,0,0,0,0,0,0,0,0,0,0,0,0,0,0,0,0,0,0,0,0,1,0,1,0,0,0,CONSISTENTLY_WRONG,0.8666666666666667
961,1,0,1,15,0.06666666666666667,14,0.9333333333333333,0,0,0,0,0,0,0,0,0,0,0,0,0,0,0,0,0,0,0,0,0,0,0,0,0,0,0,0,0,1,1,CONSISTENTLY_WRONG,0.9333333333333333
962,2,3,0,15,0.0,13,0.8666666666666667,0,3,0,3,0,3,0,3,0,3,0,3,0,3,0,3,0,3,0,3,0,3,0,3,0,1,0,1,0,3,0,CONSISTENTLY_WRONG,0.8666666666666667
965,2,3,1,15,0.06666666666666667,14,0.9333333333333333,0,3,0,3,0,2,1,3,0,3,0,3,0,3,0,3,0,3,0,3,0,3,0,3,0,3,0,3,0,3,0,CONSISTENTLY_WRONG,0.9333333333333333
968,2,3,1,15,0.06666666666666667,14,0.9333333333333333,0,3,0,3,0,3,0,3,0,3,0,3,0,3,0,3,0,3,0,3,0,3,0,3,0,3,0,3,0,2,1,CONSISTENTLY_WRONG,0.9333333333333333
978,1,0,0,15,0.0,15,1.0,0,0,0,0,0,0,0,0,0,0,0,0,0,0,0,0,0,0,0,0,0,0,0,0,0,0,0,0,0,0,0,CONSISTENTLY_WRONG,1.0
981,2,3,1,15,0.06666666666666667,14,0.9333333333333333,0,3,0,3,0,3,0,3,0,3,0,3,0,3,0,3,0,3,0,3,0,3,0,3,0,3,0,2,1,3,0,CONSISTENTLY_WRONG,0.9333333333333333
984,2,1,2,15,0.13333333333333333,12,0.8,0,1,0,1,0,1,0,1,0,1,0,1,0,0,0,1,0,1,0,1,0,1,0,1,0,2,1,1,0,2,1,CONSISTENTLY_WRONG,0.8
990,1,0,3,15,0.2,12,0.8,0,0,0,0,0,0,0,0,0,0,0,0,0,1,1,1,1,0,0,0,0,1,1,0,0,0,0,0,0,0,0,UNCERTAIN,0.8
1002,2,3,3,15,0.2,12,0.8,0,3,0,2,1,2,1,3,0,3,0,2,1,3,0,3,0,3,0,3,0,3,0,3,0,3,0,3,0,3,0,UNCERTAIN,0.8
1015,2,3,0,15,0.0,15,1.0,0,3,0,3,0,3,0,3,0,3,0,3,0,3,0,3,0,3,0,3,0,3,0,3,0,3,0,3,0,3,0,CONSISTENTLY_WRONG,1.0
1023,1,0,0,15,0.0,15,1.0,0,0,0,0,0,0,0,0,0,0,0,0,0,0,0,0,0,0,0,0,0,0,0,0,0,0,0,0,0,0,0,CONSISTENTLY_WRONG,1.0
1032,2,3,0,15,0.0,12,0.8,0,1,0,1,0,1,0,3,0,3,0,3,0,3,0,3,0,3,0,3,0,3,0,3,0,3,0,3,0,3,0,CONSISTENTLY_WRONG,0.8
1039,2,1,0,15,0.0,15,1.0,0,1,0,1,0,1,0,1,0,1,0,1,0,1,0,1,0,1,0,1,0,1,0,1,0,1,0,1,0,1,0,CONSISTENTLY_WRONG,1.0
1044,3,1,0,15,0.0,15,1.0,0,1,0,1,0,1,0,1,0,1,0,1,0,1,0,1,0,1,0,1,0,1,0,1,0,1,0,1,0,1,0,CONSISTENTLY_WRONG,1.0
1045,2,3,2,15,0.13333333333333333,13,0.8666666666666667,0,3,0,3,0,3,0,3,0,2,1,3,0,3,0,3,0,3,0,3,0,3,0,3,0,3,0,3,0,2,1,CONSISTENTLY_WRONG,0.8666666666666667
1046,1,0,0,15,0.0,15,1.0,0,0,0,0,0,0,0,0,0,0,0,0,0,0,0,0,0,0,0,0,0,0,0,0,0,0,0,0,0,0,0,CONSISTENTLY_WRONG,1.0
1051,0,2,0,15,0.0,14,0.9333333333333333,0,1,0,2,0,2,0,2,0,2,0,2,0,2,0,2,0,2,0,2,0,2,0,2,0,2,0,2,0,2,0,CONSISTENTLY_WRONG,0.9333333333333333
1056,1,0,3,15,0.2,12,0.8,0,0,0,1,1,0,0,0,0,0,0,0,0,0,0,0,0,0,0,0,0,0,0,0,0,1,1,1,1,0,0,UNCERTAIN,0.8
1069,0,1,0,15,0.0,15,1.0,0,1,0,1,0,1,0,1,0,1,0,1,0,1,0,1,0,1,0,1,0,1,0,1,0,1,0,1,0,1,0,CONSISTENTLY_WRONG,1.0
1077,3,1,1,15,0.06666666666666667,13,0.8666666666666667,0,1,0,1,0,1,0,1,0,1,0,1,0,1,0,1,0,1,0,1,0,1,0,1,0,2,0,3,1,1,0,CONSISTENTLY_WRONG,0.8666666666666667
1085,2,3,1,15,0.06666666666666667,14,0.9333333333333333,0,3,0,3,0,3,0,3,0,2,1,3,0,3,0,3,0,3,0,3,0,3,0,3,0,3,0,3,0,3,0,CONSISTENTLY_WRONG,0.9333333333333333
1092,1,0,0,15,0.0,15,1.0,0,0,0,0,0,0,0,0,0,0,0,0,0,0,0,0,0,0,0,0,0,0,0,0,0,0,0,0,0,0,0,CONSISTENTLY_WRONG,1.0
1095,1,0,1,15,0.06666666666666667,13,0.8666666666666667,0,0,0,0,0,0,0,0,0,0,0,0,0,0,0,0,0,0,0,0,0,0,0,0,0,0,0,1,1,2,0,CONSISTENTLY_WRONG,0.8666666666666667
1097,0,2,0,15,0.0,15,1.0,0,2,0,2,0,2,0,2,0,2,0,2,0,2,0,2,0,2,0,2,0,2,0,2,0,2,0,2,0,2,0,CONSISTENTLY_WRONG,1.0
1101,1,0,3,15,0.2,12,0.8,0,1,1,1,1,1,1,0,0,0,0,0,0,0,0,0,0,0,0,0,0,0,0,0,0,0,0,0,0,0,0,UNCERTAIN,0.8
1107,2,3,2,15,0.13333333333333333,13,0.8666666666666667,0,3,0,3,0,3,0,3,0,3,0,2,1,3,0,3,0,3,0,3,0,3,0,3,0,3,0,3,0,2,1,CONSISTENTLY_WRONG,0.8666666666666667
1115,1,0,0,15,0.0,12,0.8,0,2,0,2,0,2,0,0,0,0,0,0,0,0,0,0,0,0,0,0,0,0,0,0,0,0,0,0,0,0,0,CONSISTENTLY_WRONG,0.8
1120,1,3,0,15,0.0,14,0.9333333333333333,0,3,0,3,0,2,0,3,0,3,0,3,0,3,0,3,0,3,0,3,0,3,0,3,0,3,0,3,0,3,0,CONSISTENTLY_WRONG,0.9333333333333333
1127,2,3,2,15,0.13333333333333333,13,0.8666666666666667,0,3,0,3,0,3,0,3,0,3,0,3,0,3,0,3,0,3,0,3,0,3,0,3,0,3,0,2,1,2,1,CONSISTENTLY_WRONG,0.8666666666666667
1129,2,3,1,15,0.06666666666666667,14,0.9333333333333333,0,2,1,3,0,3,0,3,0,3,0,3,0,3,0,3,0,3,0,3,0,3,0,3,0,3,0,3,0,3,0,CONSISTENTLY_WRONG,0.9333333333333333
1130,0,2,0,15,0.0,13,0.8666666666666667,0,1,0,1,0,2,0,2,0,2,0,2,0,2,0,2,0,2,0,2,0,2,0,2,0,2,0,2,0,2,0,CONSISTENTLY_WRONG,0.8666666666666667
1131,0,1,3,15,0.2,12,0.8,0,0,1,0,1,0,1,1,0,1,0,1,0,1,0,1,0,1,0,1,0,1,0,1,0,1,0,1,0,1,0,UNCERTAIN,0.8
1133,3,2,0,15,0.0,13,0.8666666666666667,0,2,0,2,0,2,0,2,0,2,0,2,0,2,0,2,0,1,0,2,0,2,0,2,0,2,0,0,0,2,0,CONSISTENTLY_WRONG,0.8666666666666667
1136,1,2,1,15,0.06666666666666667,13,0.8666666666666667,0,2,0,2,0,3,0,2,0,2,0,2,0,2,0,1,1,2,0,2,0,2,0,2,0,2,0,2,0,2,0,CONSISTENTLY_WRONG,0.8666666666666667
1140,2,1,1,15,0.06666666666666667,13,0.8666666666666667,0,2,1,1,0,1,0,1,0,1,0,1,0,1,0,1,0,1,0,1,0,3,0,1,0,1,0,1,0,1,0,CONSISTENTLY_WRONG,0.8666666666666667
1141,1,3,0,15,0.0,15,1.0,0,3,0,3,0,3,0,3,0,3,0,3,0,3,0,3,0,3,0,3,0,3,0,3,0,3,0,3,0,3,0,CONSISTENTLY_WRONG,1.0
1150,1,3,0,15,0.0,12,0.8,0,3,0,3,0,3,0,3,0,3,0,3,0,3,0,3,0,3,0,3,0,3,0,3,0,2,0,2,0,2,0,CONSISTENTLY_WRONG,0.8
1160,1,0,0,15,0.0,15,1.0,0,0,0,0,0,0,0,0,0,0,0,0,0,0,0,0,0,0,0,0,0,0,0,0,0,0,0,0,0,0,0,CONSISTENTLY_WRONG,1.0
1172,2,3,3,15,0.2,12,0.8,0,3,0,3,0,3,0,3,0,3,0,3,0,2,1,2,1,3,0,3,0,3,0,3,0,2,1,3,0,3,0,UNCERTAIN,0.8
1176,3,2,0,15,0.0,12,0.8,0,1,0,0,0,1,0,2,0,2,0,2,0,2,0,2,0,2,0,2,0,2,0,2,0,2,0,2,0,2,0,CONSISTENTLY_WRONG,0.8
1179,0,1,3,15,0.2,12,0.8,0,0,1,0,1,0,1,1,0,1,0,1,0,1,0,1,0,1,0,1,0,1,0,1,0,1,0,1,0,1,0,UNCERTAIN,0.8
1185,2,1,3,15,0.2,12,0.8,0,1,0,1,0,1,0,2,1,2,1,1,0,1,0,1,0,1,0,1,0,1,0,1,0,2,1,1,0,1,0,UNCERTAIN,0.8
1186,1,0,3,15,0.2,12,0.8,0,0,0,0,0,0,0,0,0,1,1,0,0,0,0,0,0,0,0,0,0,0,0,0,0,0,0,1,1,1,1,UNCERTAIN,0.8
1194,2,3,0,15,0.0,15,1.0,0,3,0,3,0,3,0,3,0,3,0,3,0,3,0,3,0,3,0,3,0,3,0,3,0,3,0,3,0,3,0,CONSISTENTLY_WRONG,1.0
1197,0,1,1,15,0.06666666666666667,14,0.9333333333333333,0,1,0,1,0,0,1,1,0,1,0,1,0,1,0,1,0,1,0,1,0,1,0,1,0,1,0,1,0,1,0,CONSISTENTLY_WRONG,0.9333333333333333
1198,1,0,0,15,0.0,15,1.0,0,0,0,0,0,0,0,0,0,0,0,0,0,0,0,0,0,0,0,0,0,0,0,0,0,0,0,0,0,0,0,CONSISTENTLY_WRONG,1.0
1202,3,1,2,15,0.13333333333333333,13,0.8666666666666667,0,3,1,3,1,1,0,1,0,1,0,1,0,1,0,1,0,1,0,1,0,1,0,1,0,1,0,1,0,1,0,CONSISTENTLY_WRONG,0.8666666666666667
1203,1,0,2,15,0.13333333333333333,13,0.8666666666666667,0,0,0,1,1,1,1,0,0,0,0,0,0,0,0,0,0,0,0,0,0,0,0,0,0,0,0,0,0,0,0,CONSISTENTLY_WRONG,0.8666666666666667
1207,1,2,0,15,0.0,13,0.8666666666666667,0,2,0,2,0,2,0,2,0,2,0,2,0,2,0,2,0,2,0,2,0,2,0,3,0,3,0,2,0,2,0,CONSISTENTLY_WRONG,0.8666666666666667
1208,0,1,1,15,0.06666666666666667,14,0.9333333333333333,0,1,0,1,0,1,0,1,0,1,0,1,0,1,0,1,0,1,0,1,0,0,1,1,0,1,0,1,0,1,0,CONSISTENTLY_WRONG,0.9333333333333333
1209,3,2,0,15,0.0,12,0.8,0,2,0,2,0,2,0,2,0,2,0,2,0,1,0,2,0,2,0,2,0,2,0,2,0,2,0,1,0,1,0,CONSISTENTLY_WRONG,0.8
1214,2,0,0,15,0.0,14,0.9333333333333333,0,0,0,0,0,1,0,0,0,0,0,0,0,0,0,0,0,0,0,0,0,0,0,0,0,0,0,0,0,0,0,CONSISTENTLY_WRONG,0.9333333333333333
1217,1,3,1,15,0.06666666666666667,14,0.9333333333333333,0,3,0,3,0,3,0,3,0,3,0,3,0,3,0,3,0,3,0,3,0,3,0,3,0,3,0,1,1,3,0,CONSISTENTLY_WRONG,0.9333333333333333
1218,1,3,0,15,0.0,15,1.0,0,3,0,3,0,3,0,3,0,3,0,3,0,3,0,3,0,3,0,3,0,3,0,3,0,3,0,3,0,3,0,CONSISTENTLY_WRONG,1.0
1219,2,1,0,15,0.0,13,0.8666666666666667,0,1,0,0,0,1,0,1,0,1,0,0,0,1,0,1,0,1,0,1,0,1,0,1,0,1,0,1,0,1,0,CONSISTENTLY_WRONG,0.8666666666666667
1232,2,3,0,15,0.0,15,1.0,0,3,0,3,0,3,0,3,0,3,0,3,0,3,0,3,0,3,0,3,0,3,0,3,0,3,0,3,0,3,0,CONSISTENTLY_WRONG,1.0
1237,3,1,2,15,0.13333333333333333,13,0.8666666666666667,0,3,1,1,0,3,1,1,0,1,0,1,0,1,0,1,0,1,0,1,0,1,0,1,0,1,0,1,0,1,0,CONSISTENTLY_WRONG,0.8666666666666667
1241,1,0,3,15,0.2,12,0.8,0,1,1,1,1,1,1,0,0,0,0,0,0,0,0,0,0,0,0,0,0,0,0,0,0,0,0,0,0,0,0,UNCERTAIN,0.8
1253,0,1,0,15,0.0,15,1.0,0,1,0,1,0,1,0,1,0,1,0,1,0,1,0,1,0,1,0,1,0,1,0,1,0,1,0,1,0,1,0,CONSISTENTLY_WRONG,1.0
1256,0,3,0,15,0.0,15,1.0,0,3,0,3,0,3,0,3,0,3,0,3,0,3,0,3,0,3,0,3,0,3,0,3,0,3,0,3,0,3,0,CONSISTENTLY_WRONG,1.0
1260,2,3,1,15,0.06666666666666667,14,0.9333333333333333,0,3,0,3,0,2,1,3,0,3,0,3,0,3,0,3,0,3,0,3,0,3,0,3,0,3,0,3,0,3,0,CONSISTENTLY_WRONG,0.9333333333333333
1270,1,0,0,15,0.0,15,1.0,0,0,0,0,0,0,0,0,0,0,0,0,0,0,0,0,0,0,0,0,0,0,0,0,0,0,0,0,0,0,0,CONSISTENTLY_WRONG,1.0
1278,2,1,0,15,0.0,15,1.0,0,1,0,1,0,1,0,1,0,1,0,1,0,1,0,1,0,1,0,1,0,1,0,1,0,1,0,1,0,1,0,CONSISTENTLY_WRONG,1.0
1282,1,0,0,15,0.0,15,1.0,0,0,0,0,0,0,0,0,0,0,0,0,0,0,0,0,0,0,0,0,0,0,0,0,0,0,0,0,0,0,0,CONSISTENTLY_WRONG,1.0
1283,1,0,1,15,0.06666666666666667,14,0.9333333333333333,0,0,0,0,0,0,0,0,0,0,0,0,0,0,0,0,0,0,0,0,0,0,0,0,0,0,0,1,1,0,0,CONSISTENTLY_WRONG,0.9333333333333333
1285,2,3,1,15,0.06666666666666667,14,0.9333333333333333,0,2,1,3,0,3,0,3,0,3,0,3,0,3,0,3,0,3,0,3,0,3,0,3,0,3,0,3,0,3,0,CONSISTENTLY_WRONG,0.9333333333333333
1292,0,2,1,15,0.06666666666666667,12,0.8,0,2,0,2,0,2,0,2,0,2,0,2,0,2,0,2,0,2,0,1,0,2,0,2,0,2,0,0,1,3,0,CONSISTENTLY_WRONG,0.8
1320,3,2,2,15,0.13333333333333333,13,0.8666666666666667,0,3,1,3,1,2,0,2,0,2,0,2,0,2,0,2,0,2,0,2,0,2,0,2,0,2,0,2,0,2,0,CONSISTENTLY_WRONG,0.8666666666666667
1325,1,0,0,15,0.0,15,1.0,0,0,0,0,0,0,0,0,0,0,0,0,0,0,0,0,0,0,0,0,0,0,0,0,0,0,0,0,0,0,0,CONSISTENTLY_WRONG,1.0
1331,2,3,0,15,0.0,15,1.0,0,3,0,3,0,3,0,3,0,3,0,3,0,3,0,3,0,3,0,3,0,3,0,3,0,3,0,3,0,3,0,CONSISTENTLY_WRONG,1.0
1348,3,1,0,15,0.0,15,1.0,0,1,0,1,0,1,0,1,0,1,0,1,0,1,0,1,0,1,0,1,0,1,0,1,0,1,0,1,0,1,0,CONSISTENTLY_WRONG,1.0
1368,1,0,1,15,0.06666666666666667,14,0.9333333333333333,0,0,0,0,0,0,0,0,0,0,0,0,0,0,0,0,0,0,0,0,0,0,0,0,0,0,0,0,0,1,1,CONSISTENTLY_WRONG,0.9333333333333333
1370,2,3,1,15,0.06666666666666667,14,0.9333333333333333,0,3,0,3,0,3,0,3,0,3,0,2,1,3,0,3,0,3,0,3,0,3,0,3,0,3,0,3,0,3,0,CONSISTENTLY_WRONG,0.9333333333333333
1371,0,1,0,15,0.0,14,0.9333333333333333,0,1,0,3,0,1,0,1,0,1,0,1,0,1,0,1,0,1,0,1,0,1,0,1,0,1,0,1,0,1,0,CONSISTENTLY_WRONG,0.9333333333333333
1376,1,2,0,15,0.0,13,0.8666666666666667,0,2,0,2,0,2,0,2,0,2,0,2,0,2,0,2,0,2,0,2,0,2,0,2,0,0,0,0,0,2,0,CONSISTENTLY_WRONG,0.8666666666666667
1380,2,3,0,15,0.0,15,1.0,0,3,0,3,0,3,0,3,0,3,0,3,0,3,0,3,0,3,0,3,0,3,0,3,0,3,0,3,0,3,0,CONSISTENTLY_WRONG,1.0
1391,1,0,0,15,0.0,15,1.0,0,0,0,0,0,0,0,0,0,0,0,0,0,0,0,0,0,0,0,0,0,0,0,0,0,0,0,0,0,0,0,CONSISTENTLY_WRONG,1.0
1400,1,2,3,15,0.2,12,0.8,0,1,1,2,0,2,0,2,0,2,0,2,0,2,0,1,1,2,0,2,0,2,0,2,0,2,0,1,1,2,0,UNCERTAIN,0.8
1409,2,0,0,15,0.0,12,0.8,0,0,0,0,0,0,0,0,0,0,0,1,0,0,0,0,0,1,0,0,0,0,0,0,0,0,0,0,0,1,0,CONSISTENTLY_WRONG,0.8
1412,2,3,3,15,0.2,12,0.8,0,2,1,2,1,2,1,3,0,3,0,3,0,3,0,3,0,3,0,3,0,3,0,3,0,3,0,3,0,3,0,UNCERTAIN,0.8
1419,1,0,0,15,0.0,15,1.0,0,0,0,0,0,0,0,0,0,0,0,0,0,0,0,0,0,0,0,0,0,0,0,0,0,0,0,0,0,0,0,CONSISTENTLY_WRONG,1.0
1422,0,1,3,15,0.2,12,0.8,0,0,1,0,1,0,1,1,0,1,0,1,0,1,0,1,0,1,0,1,0,1,0,1,0,1,0,1,0,1,0,UNCERTAIN,0.8
1424,3,2,0,15,0.0,12,0.8,0,2,0,1,0,2,0,2,0,2,0,2,0,2,0,2,0,2,0,2,0,2,0,2,0,1,0,1,0,2,0,CONSISTENTLY_WRONG,0.8
1425,2,3,0,15,0.0,15,1.0,0,3,0,3,0,3,0,3,0,3,0,3,0,3,0,3,0,3,0,3,0,3,0,3,0,3,0,3,0,3,0,CONSISTENTLY_WRONG,1.0
1429,0,3,0,15,0.0,12,0.8,0,1,0,3,0,3,0,3,0,3,0,3,0,3,0,3,0,3,0,3,0,3,0,3,0,2,0,3,0,2,0,CONSISTENTLY_WRONG,0.8
1435,1,0,2,15,0.13333333333333333,13,0.8666666666666667,0,0,0,0,0,1,1,0,0,0,0,0,0,0,0,0,0,0,0,0,0,0,0,0,0,0,0,0,0,1,1,CONSISTENTLY_WRONG,0.8666666666666667
1442,2,3,3,15,0.2,12,0.8,0,2,1,2,1,2,1,3,0,3,0,3,0,3,0,3,0,3,0,3,0,3,0,3,0,3,0,3,0,3,0,UNCERTAIN,0.8
1444,2,3,3,15,0.2,12,0.8,0,3,0,3,0,2,1,3,0,3,0,3,0,2,1,3,0,3,0,3,0,3,0,2,1,3,0,3,0,3,0,UNCERTAIN,0.8
1450,1,0,1,15,0.06666666666666667,14,0.9333333333333333,0,0,0,0,0,0,0,0,0,0,0,0,0,0,0,0,0,0,0,0,0,0,0,0,0,0,0,1,1,0,0,CONSISTENTLY_WRONG,0.9333333333333333
1452,2,1,3,15,0.2,12,0.8,0,2,1,2,1,1,0,1,0,2,1,1,0,1,0,1,0,1,0,1,0,1,0,1,0,1,0,1,0,1,0,UNCERTAIN,0.8
1455,1,0,1,15,0.06666666666666667,14,0.9333333333333333,0,0,0,0,0,0,0,0,0,1,1,0,0,0,0,0,0,0,0,0,0,0,0,0,0,0,0,0,0,0,0,CONSISTENTLY_WRONG,0.9333333333333333
1463,2,3,3,15,0.2,12,0.8,0,3,0,3,0,3,0,2,1,3,0,3,0,3,0,3,0,3,0,3,0,3,0,3,0,2,1,3,0,2,1,UNCERTAIN,0.8
1476,2,3,3,15,0.2,12,0.8,0,2,1,2,1,2,1,3,0,3,0,3,0,3,0,3,0,3,0,3,0,3,0,3,0,3,0,3,0,3,0,UNCERTAIN,0.8
1478,1,2,0,15,0.0,13,0.8666666666666667,0,0,0,2,0,2,0,2,0,2,0,0,0,2,0,2,0,2,0,2,0,2,0,2,0,2,0,2,0,2,0,CONSISTENTLY_WRONG,0.8666666666666667
1481,2,3,0,15,0.0,13,0.8666666666666667,0,3,0,1,0,1,0,3,0,3,0,3,0,3,0,3,0,3,0,3,0,3,0,3,0,3,0,3,0,3,0,CONSISTENTLY_WRONG,0.8666666666666667
1484,1,0,0,15,0.0,15,1.0,0,0,0,0,0,0,0,0,0,0,0,0,0,0,0,0,0,0,0,0,0,0,0,0,0,0,0,0,0,0,0,CONSISTENTLY_WRONG,1.0
1488,1,2,1,15,0.06666666666666667,14,0.9333333333333333,0,2,0,2,0,2,0,2,0,2,0,2,0,2,0,2,0,1,1,2,0,2,0,2,0,2,0,2,0,2,0,CONSISTENTLY_WRONG,0.9333333333333333
1492,2,1,1,15,0.06666666666666667,12,0.8,0,0,0,1,0,1,0,1,0,1,0,1,0,1,0,1,0,1,0,0,0,1,0,1,0,1,0,1,0,2,1,CONSISTENTLY_WRONG,0.8
1500,0,1,1,15,0.06666666666666667,13,0.8666666666666667,0,1,0,1,0,0,1,1,0,1,0,1,0,1,0,1,0,1,0,1,0,1,0,1,0,1,0,1,0,2,0,CONSISTENTLY_WRONG,0.8666666666666667
1511,2,1,1,15,0.06666666666666667,13,0.8666666666666667,0,1,0,1,0,1,0,1,0,1,0,1,0,1,0,1,0,2,1,1,0,1,0,1,0,1,0,0,0,1,0,CONSISTENTLY_WRONG,0.8666666666666667
1514,2,3,0,15,0.0,12,0.8,0,1,0,1,0,1,0,3,0,3,0,3,0,3,0,3,0,3,0,3,0,3,0,3,0,3,0,3,0,3,0,CONSISTENTLY_WRONG,0.8
1522,1,2,0,15,0.0,14,0.9333333333333333,0,2,0,2,0,2,0,2,0,2,0,2,0,2,0,2,0,2,0,2,0,3,0,2,0,2,0,2,0,2,0,CONSISTENTLY_WRONG,0.9333333333333333
1529,3,1,0,15,0.0,14,0.9333333333333333,0,1,0,1,0,1,0,1,0,2,0,1,0,1,0,1,0,1,0,1,0,1,0,1,0,1,0,1,0,1,0,CONSISTENTLY_WRONG,0.9333333333333333
1532,1,0,1,15,0.06666666666666667,14,0.9333333333333333,0,1,1,0,0,0,0,0,0,0,0,0,0,0,0,0,0,0,0,0,0,0,0,0,0,0,0,0,0,0,0,CONSISTENTLY_WRONG,0.9333333333333333
1538,2,3,3,15,0.2,12,0.8,0,3,0,3,0,2,1,3,0,3,0,2,1,3,0,3,0,2,1,3,0,3,0,3,0,3,0,3,0,3,0,UNCERTAIN,0.8
1541,2,3,2,15,0.13333333333333333,13,0.8666666666666667,0,3,0,2,1,3,0,3,0,2,1,3,0,3,0,3,0,3,0,3,0,3,0,3,0,3,0,3,0,3,0,CONSISTENTLY_WRONG,0.8666666666666667
1554,2,3,2,15,0.13333333333333333,13,0.8666666666666667,0,3,0,3,0,3,0,3,0,2,1,2,1,3,0,3,0,3,0,3,0,3,0,3,0,3,0,3,0,3,0,CONSISTENTLY_WRONG,0.8666666666666667
1556,2,3,1,15,0.06666666666666667,14,0.9333333333333333,0,2,1,3,0,3,0,3,0,3,0,3,0,3,0,3,0,3,0,3,0,3,0,3,0,3,0,3,0,3,0,CONSISTENTLY_WRONG,0.9333333333333333
1563,2,3,0,15,0.0,15,1.0,0,3,0,3,0,3,0,3,0,3,0,3,0,3,0,3,0,3,0,3,0,3,0,3,0,3,0,3,0,3,0,CONSISTENTLY_WRONG,1.0
1567,2,3,1,15,0.06666666666666667,14,0.9333333333333333,0,3,0,3,0,3,0,3,0,3,0,3,0,3,0,3,0,3,0,3,0,3,0,3,0,3,0,3,0,2,1,CONSISTENTLY_WRONG,0.9333333333333333
1570,1,0,1,15,0.06666666666666667,14,0.9333333333333333,0,0,0,0,0,0,0,0,0,0,0,0,0,0,0,0,0,0,0,0,0,0,0,0,0,0,0,0,0,1,1,CONSISTENTLY_WRONG,0.9333333333333333
1571,2,3,0,15,0.0,15,1.0,0,3,0,3,0,3,0,3,0,3,0,3,0,3,0,3,0,3,0,3,0,3,0,3,0,3,0,3,0,3,0,CONSISTENTLY_WRONG,1.0
1578,1,0,0,15,0.0,15,1.0,0,0,0,0,0,0,0,0,0,0,0,0,0,0,0,0,0,0,0,0,0,0,0,0,0,0,0,0,0,0,0,CONSISTENTLY_WRONG,1.0
1593,0,2,0,15,0.0,12,0.8,0,2,0,2,0,2,0,1,0,2,0,2,0,2,0,2,0,2,0,1,0,1,0,2,0,2,0,2,0,2,0,CONSISTENTLY_WRONG,0.8
1598,1,0,0,15,0.0,15,1.0,0,0,0,0,0,0,0,0,0,0,0,0,0,0,0,0,0,0,0,0,0,0,0,0,0,0,0,0,0,0,0,CONSISTENTLY_WRONG,1.0
1599,1,0,0,15,0.0,15,1.0,0,0,0,0,0,0,0,0,0,0,0,0,0,0,0,0,0,0,0,0,0,0,0,0,0,0,0,0,0,0,0,CONSISTENTLY_WRONG,1.0
1601,3,2,3,15,0.2,12,0.8,0,2,0,2,0,2,0,2,0,2,0,3,1,2,0,3,1,2,0,2,0,3,1,2,0,2,0,2,0,2,0,UNCERTAIN,0.8
1606,1,0,0,15,0.0,15,1.0,0,0,0,0,0,0,0,0,0,0,0,0,0,0,0,0,0,0,0,0,0,0,0,0,0,0,0,0,0,0,0,CONSISTENTLY_WRONG,1.0
1620,2,3,1,15,0.06666666666666667,14,0.9333333333333333,0,2,1,3,0,3,0,3,0,3,0,3,0,3,0,3,0,3,0,3,0,3,0,3,0,3,0,3,0,3,0,CONSISTENTLY_WRONG,0.9333333333333333
1631,1,0,1,15,0.06666666666666667,14,0.9333333333333333,0,0,0,0,0,1,1,0,0,0,0,0,0,0,0,0,0,0,0,0,0,0,0,0,0,0,0,0,0,0,0,CONSISTENTLY_WRONG,0.9333333333333333
1634,2,3,0,15,0.0,15,1.0,0,3,0,3,0,3,0,3,0,3,0,3,0,3,0,3,0,3,0,3,0,3,0,3,0,3,0,3,0,3,0,CONSISTENTLY_WRONG,1.0
1636,1,0,0,15,0.0,15,1.0,0,0,0,0,0,0,0,0,0,0,0,0,0,0,0,0,0,0,0,0,0,0,0,0,0,0,0,0,0,0,0,CONSISTENTLY_WRONG,1.0
1639,0,1,3,15,0.2,12,0.8,0,1,0,1,0,1,0,1,0,1,0,1,0,1,0,1,0,1,0,0,1,0,1,0,1,1,0,1,0,1,0,UNCERTAIN,0.8
1640,2,3,1,15,0.06666666666666667,14,0.9333333333333333,0,3,0,3,0,2,1,3,0,3,0,3,0,3,0,3,0,3,0,3,0,3,0,3,0,3,0,3,0,3,0,CONSISTENTLY_WRONG,0.9333333333333333
1654,0,1,2,15,0.13333333333333333,13,0.8666666666666667,0,1,0,0,1,1,0,1,0,1,0,1,0,1,0,1,0,1,0,1,0,1,0,1,0,1,0,1,0,0,1,CONSISTENTLY_WRONG,0.8666666666666667
1656,1,0,0,15,0.0,14,0.9333333333333333,0,0,0,2,0,0,0,0,0,0,0,0,0,0,0,0,0,0,0,0,0,0,0,0,0,0,0,0,0,0,0,CONSISTENTLY_WRONG,0.9333333333333333
1659,2,1,1,15,0.06666666666666667,12,0.8,0,1,0,1,0,1,0,1,0,1,0,1,0,1,0,1,0,1,0,3,0,2,1,3,0,1,0,1,0,1,0,CONSISTENTLY_WRONG,0.8
1660,2,1,0,15,0.0,15,1.0,0,1,0,1,0,1,0,1,0,1,0,1,0,1,0,1,0,1,0,1,0,1,0,1,0,1,0,1,0,1,0,CONSISTENTLY_WRONG,1.0
1665,1,2,1,15,0.06666666666666667,14,0.9333333333333333,0,2,0,2,0,2,0,2,0,2,0,2,0,2,0,2,0,2,0,2,0,2,0,2,0,1,1,2,0,2,0,CONSISTENTLY_WRONG,0.9333333333333333
1671,1,0,3,15,0.2,12,0.8,0,1,1,1,1,0,0,0,0,0,0,0,0,0,0,0,0,0,0,0,0,0,0,0,0,0,0,0,0,1,1,UNCERTAIN,0.8
1678,1,2,2,15,0.13333333333333333,12,0.8,0,2,0,1,1,2,0,1,1,2,0,2,0,2,0,2,0,3,0,2,0,2,0,2,0,2,0,2,0,2,0,CONSISTENTLY_WRONG,0.8
1688,2,3,0,15,0.0,15,1.0,0,3,0,3,0,3,0,3,0,3,0,3,0,3,0,3,0,3,0,3,0,3,0,3,0,3,0,3,0,3,0,CONSISTENTLY_WRONG,1.0
1689,2,3,2,15,0.13333333333333333,13,0.8666666666666667,0,3,0,3,0,3,0,3,0,3,0,3,0,3,0,3,0,3,0,3,0,3,0,3,0,2,1,2,1,3,0,CONSISTENTLY_WRONG,0.8666666666666667
1690,2,3,1,15,0.06666666666666667,14,0.9333333333333333,0,2,1,3,0,3,0,3,0,3,0,3,0,3,0,3,0,3,0,3,0,3,0,3,0,3,0,3,0,3,0,CONSISTENTLY_WRONG,0.9333333333333333
1692,3,2,2,15,0.13333333333333333,13,0.8666666666666667,0,2,0,2,0,2,0,2,0,2,0,2,0,2,0,2,0,2,0,2,0,3,1,3,1,2,0,2,0,2,0,CONSISTENTLY_WRONG,0.8666666666666667
1697,2,3,1,15,0.06666666666666667,13,0.8666666666666667,0,3,0,3,0,3,0,3,0,3,0,3,0,3,0,3,0,3,0,3,0,3,0,3,0,2,1,3,0,1,0,CONSISTENTLY_WRONG,0.8666666666666667
1699,0,2,0,15,0.0,15,1.0,0,2,0,2,0,2,0,2,0,2,0,2,0,2,0,2,0,2,0,2,0,2,0,2,0,2,0,2,0,2,0,CONSISTENTLY_WRONG,1.0
1705,1,0,0,15,0.0,15,1.0,0,0,0,0,0,0,0,0,0,0,0,0,0,0,0,0,0,0,0,0,0,0,0,0,0,0,0,0,0,0,0,CONSISTENTLY_WRONG,1.0
1713,2,1,0,15,0.0,14,0.9333333333333333,0,0,0,1,0,1,0,1,0,1,0,1,0,1,0,1,0,1,0,1,0,1,0,1,0,1,0,1,0,1,0,CONSISTENTLY_WRONG,0.9333333333333333
1715,1,0,0,15,0.0,15,1.0,0,0,0,0,0,0,0,0,0,0,0,0,0,0,0,0,0,0,0,0,0,0,0,0,0,0,0,0,0,0,0,CONSISTENTLY_WRONG,1.0
1730,3,2,0,15,0.0,15,1.0,0,2,0,2,0,2,0,2,0,2,0,2,0,2,0,2,0,2,0,2,0,2,0,2,0,2,0,2,0,2,0,CONSISTENTLY_WRONG,1.0
1742,2,3,0,15,0.0,15,1.0,0,3,0,3,0,3,0,3,0,3,0,3,0,3,0,3,0,3,0,3,0,3,0,3,0,3,0,3,0,3,0,CONSISTENTLY_WRONG,1.0
1756,0,1,2,15,0.13333333333333333,13,0.8666666666666667,0,1,0,0,1,1,0,1,0,1,0,1,0,1,0,1,0,1,0,1,0,1,0,1,0,1,0,0,1,1,0,CONSISTENTLY_WRONG,0.8666666666666667
1760,2,1,0,15,0.0,12,0.8,0,0,0,0,0,1,0,1,0,1,0,1,0,1,0,1,0,1,0,1,0,1,0,0,0,1,0,1,0,1,0,CONSISTENTLY_WRONG,0.8
1761,1,2,0,15,0.0,14,0.9333333333333333,0,2,0,3,0,2,0,2,0,2,0,2,0,2,0,2,0,2,0,2,0,2,0,2,0,2,0,2,0,2,0,CONSISTENTLY_WRONG,0.9333333333333333
1763,2,3,0,15,0.0,15,1.0,0,3,0,3,0,3,0,3,0,3,0,3,0,3,0,3,0,3,0,3,0,3,0,3,0,3,0,3,0,3,0,CONSISTENTLY_WRONG,1.0
1773,1,0,0,15,0.0,15,1.0,0,0,0,0,0,0,0,0,0,0,0,0,0,0,0,0,0,0,0,0,0,0,0,0,0,0,0,0,0,0,0,CONSISTENTLY_WRONG,1.0
1774,1,0,3,15,0.2,12,0.8,0,0,0,0,0,0,0,0,0,0,0,0,0,0,0,1,1,0,0,0,0,1,1,1,1,0,0,0,0,0,0,UNCERTAIN,0.8
1783,1,0,1,15,0.06666666666666667,14,0.9333333333333333,0,0,0,0,0,0,0,0,0,0,0,0,0,0,0,0,0,0,0,0,0,0,0,0,0,0,0,1,1,0,0,CONSISTENTLY_WRONG,0.9333333333333333
1785,2,3,2,15,0.13333333333333333,13,0.8666666666666667,0,2,1,3,0,2,1,3,0,3,0,3,0,3,0,3,0,3,0,3,0,3,0,3,0,3,0,3,0,3,0,CONSISTENTLY_WRONG,0.8666666666666667
1787,0,1,2,15,0.13333333333333333,13,0.8666666666666667,0,1,0,0,1,0,1,1,0,1,0,1,0,1,0,1,0,1,0,1,0,1,0,1,0,1,0,1,0,1,0,CONSISTENTLY_WRONG,0.8666666666666667
1789,1,0,0,15,0.0,14,0.9333333333333333,0,0,0,0,0,0,0,0,0,0,0,0,0,0,0,0,0,2,0,0,0,0,0,0,0,0,0,0,0,0,0,CONSISTENTLY_WRONG,0.9333333333333333
1790,2,3,2,15,0.13333333333333333,13,0.8666666666666667,0,3,0,3,0,2,1,3,0,3,0,3,0,3,0,3,0,3,0,3,0,3,0,3,0,3,0,3,0,2,1,CONSISTENTLY_WRONG,0.8666666666666667
1794,1,2,0,15,0.0,15,1.0,0,2,0,2,0,2,0,2,0,2,0,2,0,2,0,2,0,2,0,2,0,2,0,2,0,2,0,2,0,2,0,CONSISTENTLY_WRONG,1.0
1803,1,3,2,15,0.13333333333333333,12,0.8,0,3,0,3,0,3,0,2,0,3,0,1,1,3,0,3,0,3,0,3,0,3,0,3,0,3,0,3,0,1,1,CONSISTENTLY_WRONG,0.8
1807,2,3,0,15,0.0,15,1.0,0,3,0,3,0,3,0,3,0,3,0,3,0,3,0,3,0,3,0,3,0,3,0,3,0,3,0,3,0,3,0,CONSISTENTLY_WRONG,1.0
1819,1,0,0,15,0.0,15,1.0,0,0,0,0,0,0,0,0,0,0,0,0,0,0,0,0,0,0,0,0,0,0,0,0,0,0,0,0,0,0,0,CONSISTENTLY_WRONG,1.0
1820,0,1,1,15,0.06666666666666667,14,0.9333333333333333,0,1,0,1,0,1,0,1,0,1,0,1,0,1,0,1,0,1,0,1,0,1,0,1,0,1,0,0,1,1,0,CONSISTENTLY_WRONG,0.9333333333333333
1825,2,3,0,15,0.0,15,1.0,0,3,0,3,0,3,0,3,0,3,0,3,0,3,0,3,0,3,0,3,0,3,0,3,0,3,0,3,0,3,0,CONSISTENTLY_WRONG,1.0
1837,2,1,1,15,0.06666666666666667,13,0.8666666666666667,0,1,0,1,0,1,0,1,0,1,0,1,0,1,0,1,0,1,0,1,0,1,0,1,0,3,0,1,0,2,1,CONSISTENTLY_WRONG,0.8666666666666667
1846,2,3,2,15,0.13333333333333333,13,0.8666666666666667,0,3,0,2,1,3,0,3,0,3,0,3,0,3,0,3,0,3,0,3,0,3,0,3,0,2,1,3,0,3,0,CONSISTENTLY_WRONG,0.8666666666666667
1862,2,3,0,15,0.0,15,1.0,0,3,0,3,0,3,0,3,0,3,0,3,0,3,0,3,0,3,0,3,0,3,0,3,0,3,0,3,0,3,0,CONSISTENTLY_WRONG,1.0
1864,0,1,1,15,0.06666666666666667,13,0.8666666666666667,0,1,0,2,0,1,0,1,0,1,0,1,0,1,0,1,0,1,0,1,0,1,0,1,0,1,0,1,0,0,1,CONSISTENTLY_WRONG,0.8666666666666667
1865,2,3,3,15,0.2,12,0.8,0,2,1,3,0,2,1,2,1,3,0,3,0,3,0,3,0,3,0,3,0,3,0,3,0,3,0,3,0,3,0,UNCERTAIN,0.8
1866,2,3,3,15,0.2,12,0.8,0,3,0,3,0,3,0,3,0,3,0,3,0,3,0,3,0,3,0,3,0,3,0,3,0,2,1,2,1,2,1,UNCERTAIN,0.8
1882,0,1,0,15,0.0,15,1.0,0,1,0,1,0,1,0,1,0,1,0,1,0,1,0,1,0,1,0,1,0,1,0,1,0,1,0,1,0,1,0,CONSISTENTLY_WRONG,1.0
1886,1,0,1,15,0.06666666666666667,14,0.9333333333333333,0,0,0,0,0,0,0,0,0,0,0,0,0,0,0,0,0,0,0,0,0,0,0,0,0,1,1,0,0,0,0,CONSISTENTLY_WRONG,0.9333333333333333
1888,3,2,2,15,0.13333333333333333,13,0.8666666666666667,0,2,0,2,0,3,1,3,1,2,0,2,0,2,0,2,0,2,0,2,0,2,0,2,0,2,0,2,0,2,0,CONSISTENTLY_WRONG,0.8666666666666667
1891,3,2,1,15,0.06666666666666667,14,0.9333333333333333,0,2,0,3,1,2,0,2,0,2,0,2,0,2,0,2,0,2,0,2,0,2,0,2,0,2,0,2,0,2,0,CONSISTENTLY_WRONG,0.9333333333333333
1904,3,1,0,15,0.0,12,0.8,0,1,0,1,0,1,0,1,0,1,0,2,0,1,0,2,0,2,0,1,0,1,0,1,0,1,0,1,0,1,0,CONSISTENTLY_WRONG,0.8
1908,1,0,1,15,0.06666666666666667,13,0.8666666666666667,0,0,0,0,0,1,1,0,0,0,0,0,0,0,0,0,0,0,0,0,0,0,0,0,0,0,0,0,0,2,0,CONSISTENTLY_WRONG,0.8666666666666667
1912,1,3,0,15,0.0,15,1.0,0,3,0,3,0,3,0,3,0,3,0,3,0,3,0,3,0,3,0,3,0,3,0,3,0,3,0,3,0,3,0,CONSISTENTLY_WRONG,1.0
1913,1,0,0,15,0.0,15,1.0,0,0,0,0,0,0,0,0,0,0,0,0,0,0,0,0,0,0,0,0,0,0,0,0,0,0,0,0,0,0,0,CONSISTENTLY_WRONG,1.0
1917,2,3,1,15,0.06666666666666667,14,0.9333333333333333,0,3,0,3,0,3,0,3,0,3,0,3,0,3,0,3,0,3,0,3,0,3,0,3,0,2,1,3,0,3,0,CONSISTENTLY_WRONG,0.9333333333333333
1925,2,3,1,15,0.06666666666666667,14,0.9333333333333333,0,3,0,3,0,3,0,3,0,3,0,3,0,3,0,3,0,3,0,3,0,3,0,3,0,3,0,3,0,2,1,CONSISTENTLY_WRONG,0.9333333333333333
1928,1,0,0,15,0.0,15,1.0,0,0,0,0,0,0,0,0,0,0,0,0,0,0,0,0,0,0,0,0,0,0,0,0,0,0,0,0,0,0,0,CONSISTENTLY_WRONG,1.0
1931,2,3,0,15,0.0,13,0.8666666666666667,0,1,0,3,0,3,0,3,0,3,0,3,0,3,0,3,0,3,0,3,0,3,0,3,0,3,0,3,0,1,0,CONSISTENTLY_WRONG,0.8666666666666667
1943,1,0,0,15,0.0,15,1.0,0,0,0,0,0,0,0,0,0,0,0,0,0,0,0,0,0,0,0,0,0,0,0,0,0,0,0,0,0,0,0,CONSISTENTLY_WRONG,1.0
1949,2,1,3,15,0.2,12,0.8,0,1,0,1,0,1,0,1,0,1,0,1,0,1,0,1,0,1,0,2,1,2,1,2,1,1,0,1,0,1,0,UNCERTAIN,0.8
1951,2,3,0,15,0.0,12,0.8,0,0,0,0,0,0,0,3,0,3,0,3,0,3,0,3,0,3,0,3,0,3,0,3,0,3,0,3,0,3,0,CONSISTENTLY_WRONG,0.8
1956,2,0,0,15,0.0,13,0.8666666666666667,0,0,0,1,0,0,0,0,0,0,0,0,0,0,0,0,0,0,0,0,0,0,0,1,0,0,0,0,0,0,0,CONSISTENTLY_WRONG,0.8666666666666667
1964,3,2,0,15,0.0,15,1.0,0,2,0,2,0,2,0,2,0,2,0,2,0,2,0,2,0,2,0,2,0,2,0,2,0,2,0,2,0,2,0,CONSISTENTLY_WRONG,1.0
1965,1,0,1,15,0.06666666666666667,13,0.8666666666666667,0,0,0,0,0,0,0,0,0,0,0,0,0,1,1,0,0,0,0,0,0,0,0,0,0,0,0,0,0,2,0,CONSISTENTLY_WRONG,0.8666666666666667
1979,1,0,0,15,0.0,15,1.0,0,0,0,0,0,0,0,0,0,0,0,0,0,0,0,0,0,0,0,0,0,0,0,0,0,0,0,0,0,0,0,CONSISTENTLY_WRONG,1.0
1984,1,0,2,15,0.13333333333333333,13,0.8666666666666667,0,1,1,1,1,0,0,0,0,0,0,0,0,0,0,0,0,0,0,0,0,0,0,0,0,0,0,0,0,0,0,CONSISTENTLY_WRONG,0.8666666666666667
1986,1,0,0,15,0.0,15,1.0,0,0,0,0,0,0,0,0,0,0,0,0,0,0,0,0,0,0,0,0,0,0,0,0,0,0,0,0,0,0,0,CONSISTENTLY_WRONG,1.0
1997,2,3,1,15,0.06666666666666667,13,0.8666666666666667,0,3,0,3,0,3,0,3,0,3,0,2,1,3,0,3,0,3,0,3,0,3,0,3,0,1,0,3,0,3,0,CONSISTENTLY_WRONG,0.8666666666666667
2000,0,1,2,15,0.13333333333333333,12,0.8,0,1,0,1,0,1,0,1,0,1,0,1,0,1,0,1,0,0,1,1,0,0,1,1,0,1,0,1,0,2,0,CONSISTENTLY_WRONG,0.8
2002,2,1,2,15,0.13333333333333333,12,0.8,0,3,0,2,1,2,1,1,0,1,0,1,0,1,0,1,0,1,0,1,0,1,0,1,0,1,0,1,0,1,0,CONSISTENTLY_WRONG,0.8
2004,1,0,1,15,0.06666666666666667,14,0.9333333333333333,0,0,0,0,0,0,0,0,0,0,0,0,0,0,0,0,0,0,0,0,0,0,0,0,0,1,1,0,0,0,0,CONSISTENTLY_WRONG,0.9333333333333333
2006,1,2,0,15,0.0,15,1.0,0,2,0,2,0,2,0,2,0,2,0,2,0,2,0,2,0,2,0,2,0,2,0,2,0,2,0,2,0,2,0,CONSISTENTLY_WRONG,1.0
2010,1,0,0,15,0.0,15,1.0,0,0,0,0,0,0,0,0,0,0,0,0,0,0,0,0,0,0,0,0,0,0,0,0,0,0,0,0,0,0,0,CONSISTENTLY_WRONG,1.0
2013,1,3,0,15,0.0,12,0.8,0,3,0,3,0,3,0,3,0,2,0,3,0,3,0,3,0,3,0,3,0,3,0,3,0,2,0,2,0,3,0,CONSISTENTLY_WRONG,0.8
2016,0,1,0,15,0.0,15,1.0,0,1,0,1,0,1,0,1,0,1,0,1,0,1,0,1,0,1,0,1,0,1,0,1,0,1,0,1,0,1,0,CONSISTENTLY_WRONG,1.0
2052,0,1,0,15,0.0,13,0.8666666666666667,0,3,0,3,0,1,0,1,0,1,0,1,0,1,0,1,0,1,0,1,0,1,0,1,0,1,0,1,0,1,0,CONSISTENTLY_WRONG,0.8666666666666667
2055,2,3,0,15,0.0,15,1.0,0,3,0,3,0,3,0,3,0,3,0,3,0,3,0,3,0,3,0,3,0,3,0,3,0,3,0,3,0,3,0,CONSISTENTLY_WRONG,1.0
2060,1,2,0,15,0.0,14,0.9333333333333333,0,2,0,0,0,2,0,2,0,2,0,2,0,2,0,2,0,2,0,2,0,2,0,2,0,2,0,2,0,2,0,CONSISTENTLY_WRONG,0.9333333333333333
2063,2,1,1,15,0.06666666666666667,14,0.9333333333333333,0,2,1,1,0,1,0,1,0,1,0,1,0,1,0,1,0,1,0,1,0,1,0,1,0,1,0,1,0,1,0,CONSISTENTLY_WRONG,0.9333333333333333
2074,1,0,0,15,0.0,15,1.0,0,0,0,0,0,0,0,0,0,0,0,0,0,0,0,0,0,0,0,0,0,0,0,0,0,0,0,0,0,0,0,CONSISTENTLY_WRONG,1.0
2075,0,1,0,15,0.0,14,0.9333333333333333,0,1,0,1,0,1,0,1,0,2,0,1,0,1,0,1,0,1,0,1,0,1,0,1,0,1,0,1,0,1,0,CONSISTENTLY_WRONG,0.9333333333333333
2076,2,3,3,15,0.2,12,0.8,0,2,1,2,1,2,1,3,0,3,0,3,0,3,0,3,0,3,0,3,0,3,0,3,0,3,0,3,0,3,0,UNCERTAIN,0.8
2083,2,1,1,15,0.06666666666666667,13,0.8666666666666667,0,0,0,1,0,1,0,1,0,1,0,1,0,1,0,1,0,1,0,1,0,1,0,1,0,1,0,1,0,2,1,CONSISTENTLY_WRONG,0.8666666666666667
2089,2,3,0,15,0.0,15,1.0,0,3,0,3,0,3,0,3,0,3,0,3,0,3,0,3,0,3,0,3,0,3,0,3,0,3,0,3,0,3,0,CONSISTENTLY_WRONG,1.0
2091,1,2,0,15,0.0,12,0.8,0,2,0,2,0,2,0,2,0,2,0,2,0,2,0,2,0,2,0,3,0,2,0,2,0,3,0,3,0,2,0,CONSISTENTLY_WRONG,0.8
2092,1,0,0,15,0.0,14,0.9333333333333333,0,0,0,0,0,0,0,0,0,0,0,0,0,0,0,0,0,0,0,0,0,0,0,0,0,2,0,0,0,0,0,CONSISTENTLY_WRONG,0.9333333333333333
2105,3,0,0,15,0.0,15,1.0,0,0,0,0,0,0,0,0,0,0,0,0,0,0,0,0,0,0,0,0,0,0,0,0,0,0,0,0,0,0,0,CONSISTENTLY_WRONG,1.0
2110,3,0,0,15,0.0,12,0.8,0,0,0,0,0,0,0,0,0,0,0,2,0,0,0,0,0,0,0,0,0,0,0,0,0,2,0,2,0,0,0,CONSISTENTLY_WRONG,0.8
2113,1,3,0,15,0.0,12,0.8,0,2,0,2,0,2,0,3,0,3,0,3,0,3,0,3,0,3,0,3,0,3,0,3,0,3,0,3,0,3,0,CONSISTENTLY_WRONG,0.8
2128,2,1,3,15,0.2,12,0.8,0,2,1,2,1,2,1,1,0,1,0,1,0,1,0,1,0,1,0,1,0,1,0,1,0,1,0,1,0,1,0,UNCERTAIN,0.8
2133,0,1,0,15,0.0,12,0.8,0,1,0,1,0,1,0,1,0,1,0,1,0,1,0,1,0,2,0,2,0,1,0,2,0,1,0,1,0,1,0,CONSISTENTLY_WRONG,0.8
2137,0,1,1,15,0.06666666666666667,12,0.8,0,3,0,3,0,1,0,1,0,1,0,1,0,1,0,1,0,1,0,1,0,1,0,1,0,1,0,1,0,0,1,CONSISTENTLY_WRONG,0.8
2139,0,2,0,15,0.0,14,0.9333333333333333,0,2,0,2,0,2,0,2,0,2,0,2,0,2,0,2,0,2,0,3,0,2,0,2,0,2,0,2,0,2,0,CONSISTENTLY_WRONG,0.9333333333333333
2147,2,3,1,15,0.06666666666666667,14,0.9333333333333333,0,3,0,2,1,3,0,3,0,3,0,3,0,3,0,3,0,3,0,3,0,3,0,3,0,3,0,3,0,3,0,CONSISTENTLY_WRONG,0.9333333333333333
2161,3,2,1,15,0.06666666666666667,13,0.8666666666666667,0,2,0,2,0,2,0,2,0,2,0,2,0,2,0,2,0,2,0,2,0,2,0,2,0,0,0,3,1,2,0,CONSISTENTLY_WRONG,0.8666666666666667
2166,2,3,3,15,0.2,12,0.8,0,3,0,3,0,3,0,3,0,3,0,3,0,3,0,3,0,3,0,3,0,3,0,3,0,2,1,2,1,2,1,UNCERTAIN,0.8
2167,2,3,2,15,0.13333333333333333,13,0.8666666666666667,0,2,1,3,0,2,1,3,0,3,0,3,0,3,0,3,0,3,0,3,0,3,0,3,0,3,0,3,0,3,0,CONSISTENTLY_WRONG,0.8666666666666667
2181,1,0,0,15,0.0,15,1.0,0,0,0,0,0,0,0,0,0,0,0,0,0,0,0,0,0,0,0,0,0,0,0,0,0,0,0,0,0,0,0,CONSISTENTLY_WRONG,1.0
2182,2,1,2,15,0.13333333333333333,13,0.8666666666666667,0,1,0,1,0,1,0,1,0,1,0,1,0,1,0,1,0,1,0,1,0,1,0,1,0,1,0,2,1,2,1,CONSISTENTLY_WRONG,0.8666666666666667
2184,2,3,1,15,0.06666666666666667,14,0.9333333333333333,0,3,0,2,1,3,0,3,0,3,0,3,0,3,0,3,0,3,0,3,0,3,0,3,0,3,0,3,0,3,0,CONSISTENTLY_WRONG,0.9333333333333333
2190,1,0,0,15,0.0,15,1.0,0,0,0,0,0,0,0,0,0,0,0,0,0,0,0,0,0,0,0,0,0,0,0,0,0,0,0,0,0,0,0,CONSISTENTLY_WRONG,1.0
2198,1,2,0,15,0.0,15,1.0,0,2,0,2,0,2,0,2,0,2,0,2,0,2,0,2,0,2,0,2,0,2,0,2,0,2,0,2,0,2,0,CONSISTENTLY_WRONG,1.0
2201,1,0,0,15,0.0,15,1.0,0,0,0,0,0,0,0,0,0,0,0,0,0,0,0,0,0,0,0,0,0,0,0,0,0,0,0,0,0,0,0,CONSISTENTLY_WRONG,1.0
2206,2,3,3,15,0.2,12,0.8,0,2,1,2,1,2,1,3,0,3,0,3,0,3,0,3,0,3,0,3,0,3,0,3,0,3,0,3,0,3,0,UNCERTAIN,0.8
2210,1,2,1,15,0.06666666666666667,12,0.8,0,3,0,1,1,3,0,2,0,2,0,2,0,2,0,2,0,2,0,2,0,2,0,2,0,2,0,2,0,2,0,CONSISTENTLY_WRONG,0.8
2211,1,2,1,15,0.06666666666666667,13,0.8666666666666667,0,2,0,1,1,2,0,2,0,2,0,2,0,2,0,2,0,2,0,2,0,2,0,3,0,2,0,2,0,2,0,CONSISTENTLY_WRONG,0.8666666666666667
2212,1,2,0,15,0.0,13,0.8666666666666667,0,2,0,2,0,2,0,2,0,2,0,2,0,2,0,2,0,2,0,2,0,3,0,3,0,2,0,2,0,2,0,CONSISTENTLY_WRONG,0.8666666666666667
2213,1,0,0,15,0.0,15,1.0,0,0,0,0,0,0,0,0,0,0,0,0,0,0,0,0,0,0,0,0,0,0,0,0,0,0,0,0,0,0,0,CONSISTENTLY_WRONG,1.0
2217,3,1,0,15,0.0,14,0.9333333333333333,0,1,0,1,0,1,0,1,0,1,0,1,0,1,0,1,0,1,0,1,0,1,0,1,0,1,0,2,0,1,0,CONSISTENTLY_WRONG,0.9333333333333333
2222,1,3,0,15,0.0,13,0.8666666666666667,0,3,0,3,0,3,0,2,0,3,0,3,0,3,0,3,0,3,0,3,0,3,0,3,0,2,0,3,0,3,0,CONSISTENTLY_WRONG,0.8666666666666667
2235,1,2,3,15,0.2,12,0.8,0,2,0,2,0,2,0,1,1,2,0,2,0,1,1,2,0,1,1,2,0,2,0,2,0,2,0,2,0,2,0,UNCERTAIN,0.8
2237,2,0,1,15,0.06666666666666667,14,0.9333333333333333,0,0,0,2,1,0,0,0,0,0,0,0,0,0,0,0,0,0,0,0,0,0,0,0,0,0,0,0,0,0,0,CONSISTENTLY_WRONG,0.9333333333333333
2238,2,1,1,15,0.06666666666666667,14,0.9333333333333333,0,1,0,1,0,1,0,1,0,1,0,2,1,1,0,1,0,1,0,1,0,1,0,1,0,1,0,1,0,1,0,CONSISTENTLY_WRONG,0.9333333333333333
2240,1,3,2,15,0.13333333333333333,12,0.8,0,1,1,3,0,1,1,3,0,3,0,3,0,3,0,3,0,3,0,3,0,3,0,3,0,3,0,2,0,3,0,CONSISTENTLY_WRONG,0.8
2242,1,0,0,15,0.0,15,1.0,0,0,0,0,0,0,0,0,0,0,0,0,0,0,0,0,0,0,0,0,0,0,0,0,0,0,0,0,0,0,0,CONSISTENTLY_WRONG,1.0
2244,1,0,0,15,0.0,14,0.9333333333333333,0,0,0,0,0,2,0,0,0,0,0,0,0,0,0,0,0,0,0,0,0,0,0,0,0,0,0,0,0,0,0,CONSISTENTLY_WRONG,0.9333333333333333
2253,1,0,0,15,0.0,15,1.0,0,0,0,0,0,0,0,0,0,0,0,0,0,0,0,0,0,0,0,0,0,0,0,0,0,0,0,0,0,0,0,CONSISTENTLY_WRONG,1.0
2264,2,3,0,15,0.0,15,1.0,0,3,0,3,0,3,0,3,0,3,0,3,0,3,0,3,0,3,0,3,0,3,0,3,0,3,0,3,0,3,0,CONSISTENTLY_WRONG,1.0
2266,0,3,0,15,0.0,14,0.9333333333333333,0,3,0,3,0,3,0,3,0,3,0,3,0,3,0,3,0,3,0,3,0,3,0,3,0,3,0,3,0,2,0,CONSISTENTLY_WRONG,0.9333333333333333
2267,2,0,0,15,0.0,13,0.8666666666666667,0,1,0,0,0,1,0,0,0,0,0,0,0,0,0,0,0,0,0,0,0,0,0,0,0,0,0,0,0,0,0,CONSISTENTLY_WRONG,0.8666666666666667
2270,1,0,1,15,0.06666666666666667,13,0.8666666666666667,0,0,0,0,0,2,0,0,0,1,1,0,0,0,0,0,0,0,0,0,0,0,0,0,0,0,0,0,0,0,0,CONSISTENTLY_WRONG,0.8666666666666667
2273,2,0,0,15,0.0,12,0.8,0,0,0,3,0,0,0,0,0,0,0,0,0,0,0,0,0,0,0,0,0,0,0,0,0,1,0,0,0,1,0,CONSISTENTLY_WRONG,0.8
2280,1,0,1,15,0.06666666666666667,14,0.9333333333333333,0,0,0,1,1,0,0,0,0,0,0,0,0,0,0,0,0,0,0,0,0,0,0,0,0,0,0,0,0,0,0,CONSISTENTLY_WRONG,0.9333333333333333
2285,2,1,2,15,0.13333333333333333,12,0.8,0,1,0,1,0,1,0,2,1,2,1,1,0,1,0,1,0,1,0,1,0,1,0,1,0,1,0,1,0,0,0,CONSISTENTLY_WRONG,0.8
2301,1,3,0,15,0.0,15,1.0,0,3,0,3,0,3,0,3,0,3,0,3,0,3,0,3,0,3,0,3,0,3,0,3,0,3,0,3,0,3,0,CONSISTENTLY_WRONG,1.0
2311,3,0,0,15,0.0,12,0.8,0,0,0,2,0,2,0,0,0,0,0,1,0,0,0,0,0,0,0,0,0,0,0,0,0,0,0,0,0,0,0,CONSISTENTLY_WRONG,0.8
2314,1,2,0,15,0.0,15,1.0,0,2,0,2,0,2,0,2,0,2,0,2,0,2,0,2,0,2,0,2,0,2,0,2,0,2,0,2,0,2,0,CONSISTENTLY_WRONG,1.0
2317,1,3,0,15,0.0,14,0.9333333333333333,0,3,0,3,0,3,0,2,0,3,0,3,0,3,0,3,0,3,0,3,0,3,0,3,0,3,0,3,0,3,0,CONSISTENTLY_WRONG,0.9333333333333333
2326,2,1,0,15,0.0,15,1.0,0,1,0,1,0,1,0,1,0,1,0,1,0,1,0,1,0,1,0,1,0,1,0,1,0,1,0,1,0,1,0,CONSISTENTLY_WRONG,1.0
2328,3,2,1,15,0.06666666666666667,12,0.8,0,2,0,0,0,2,0,2,0,2,0,2,0,2,0,2,0,2,0,2,0,2,0,2,0,2,0,3,1,1,0,CONSISTENTLY_WRONG,0.8
2339,2,0,3,15,0.2,12,0.8,0,2,1,2,1,2,1,0,0,0,0,0,0,0,0,0,0,0,0,0,0,0,0,0,0,0,0,0,0,0,0,UNCERTAIN,0.8
2344,2,3,0,15,0.0,15,1.0,0,3,0,3,0,3,0,3,0,3,0,3,0,3,0,3,0,3,0,3,0,3,0,3,0,3,0,3,0,3,0,CONSISTENTLY_WRONG,1.0
2346,0,1,1,15,0.06666666666666667,12,0.8,0,1,0,1,0,1,0,1,0,1,0,1,0,1,0,1,0,1,0,1,0,1,0,0,1,2,0,2,0,1,0,CONSISTENTLY_WRONG,0.8
2347,3,2,0,15,0.0,14,0.9333333333333333,0,2,0,2,0,2,0,2,0,2,0,2,0,2,0,2,0,2,0,2,0,2,0,2,0,2,0,1,0,2,0,CONSISTENTLY_WRONG,0.9333333333333333
2357,1,3,0,15,0.0,13,0.8666666666666667,0,2,0,3,0,2,0,3,0,3,0,3,0,3,0,3,0,3,0,3,0,3,0,3,0,3,0,3,0,3,0,CONSISTENTLY_WRONG,0.8666666666666667
2366,2,3,0,15,0.0,15,1.0,0,3,0,3,0,3,0,3,0,3,0,3,0,3,0,3,0,3,0,3,0,3,0,3,0,3,0,3,0,3,0,CONSISTENTLY_WRONG,1.0
2371,0,1,0,15,0.0,12,0.8,0,1,0,1,0,2,0,1,0,1,0,1,0,1,0,2,0,1,0,1,0,1,0,1,0,1,0,1,0,2,0,CONSISTENTLY_WRONG,0.8
2386,3,2,2,15,0.13333333333333333,12,0.8,0,2,0,2,0,3,1,2,0,2,0,2,0,2,0,2,0,2,0,2,0,3,1,2,0,2,0,1,0,2,0,CONSISTENTLY_WRONG,0.8
2394,2,0,0,15,0.0,15,1.0,0,0,0,0,0,0,0,0,0,0,0,0,0,0,0,0,0,0,0,0,0,0,0,0,0,0,0,0,0,0,0,CONSISTENTLY_WRONG,1.0
2406,1,0,0,15,0.0,15,1.0,0,0,0,0,0,0,0,0,0,0,0,0,0,0,0,0,0,0,0,0,0,0,0,0,0,0,0,0,0,0,0,CONSISTENTLY_WRONG,1.0
2407,1,0,3,15,0.2,12,0.8,0,1,1,1,1,1,1,0,0,0,0,0,0,0,0,0,0,0,0,0,0,0,0,0,0,0,0,0,0,0,0,UNCERTAIN,0.8
2408,1,0,0,15,0.0,15,1.0,0,0,0,0,0,0,0,0,0,0,0,0,0,0,0,0,0,0,0,0,0,0,0,0,0,0,0,0,0,0,0,CONSISTENTLY_WRONG,1.0
2411,2,1,0,15,0.0,15,1.0,0,1,0,1,0,1,0,1,0,1,0,1,0,1,0,1,0,1,0,1,0,1,0,1,0,1,0,1,0,1,0,CONSISTENTLY_WRONG,1.0
2422,1,0,2,15,0.13333333333333333,13,0.8666666666666667,0,1,1,0,0,0,0,0,0,0,0,0,0,0,0,0,0,0,0,0,0,0,0,0,0,1,1,0,0,0,0,CONSISTENTLY_WRONG,0.8666666666666667
2430,0,1,0,15,0.0,13,0.8666666666666667,0,1,0,1,0,1,0,1,0,1,0,1,0,2,0,1,0,1,0,2,0,1,0,1,0,1,0,1,0,1,0,CONSISTENTLY_WRONG,0.8666666666666667
2433,3,1,0,15,0.0,14,0.9333333333333333,0,0,0,1,0,1,0,1,0,1,0,1,0,1,0,1,0,1,0,1,0,1,0,1,0,1,0,1,0,1,0,CONSISTENTLY_WRONG,0.9333333333333333
2439,2,3,0,15,0.0,15,1.0,0,3,0,3,0,3,0,3,0,3,0,3,0,3,0,3,0,3,0,3,0,3,0,3,0,3,0,3,0,3,0,CONSISTENTLY_WRONG,1.0
2447,3,1,0,15,0.0,15,1.0,0,1,0,1,0,1,0,1,0,1,0,1,0,1,0,1,0,1,0,1,0,1,0,1,0,1,0,1,0,1,0,CONSISTENTLY_WRONG,1.0
2448,3,2,0,15,0.0,15,1.0,0,2,0,2,0,2,0,2,0,2,0,2,0,2,0,2,0,2,0,2,0,2,0,2,0,2,0,2,0,2,0,CONSISTENTLY_WRONG,1.0
2452,3,2,1,15,0.06666666666666667,14,0.9333333333333333,0,2,0,2,0,2,0,2,0,2,0,2,0,2,0,2,0,2,0,2,0,2,0,2,0,3,1,2,0,2,0,CONSISTENTLY_WRONG,0.9333333333333333
2454,1,2,1,15,0.06666666666666667,14,0.9333333333333333,0,2,0,2,0,1,1,2,0,2,0,2,0,2,0,2,0,2,0,2,0,2,0,2,0,2,0,2,0,2,0,CONSISTENTLY_WRONG,0.9333333333333333
2462,2,3,2,15,0.13333333333333333,13,0.8666666666666667,0,3,0,3,0,3,0,3,0,3,0,3,0,3,0,3,0,3,0,3,0,3,0,3,0,2,1,2,1,3,0,CONSISTENTLY_WRONG,0.8666666666666667
2464,3,2,0,15,0.0,12,0.8,0,2,0,2,0,2,0,2,0,2,0,2,0,2,0,2,0,2,0,0,0,0,0,2,0,1,0,2,0,2,0,CONSISTENTLY_WRONG,0.8
2467,1,0,1,15,0.06666666666666667,14,0.9333333333333333,0,0,0,0,0,0,0,0,0,0,0,0,0,0,0,0,0,0,0,0,0,0,0,0,0,1,1,0,0,0,0,CONSISTENTLY_WRONG,0.9333333333333333
2471,0,2,0,15,0.0,12,0.8,0,2,0,2,0,2,0,1,0,1,0,2,0,2,0,2,0,2,0,2,0,2,0,2,0,2,0,1,0,2,0,CONSISTENTLY_WRONG,0.8
2478,2,1,3,15,0.2,12,0.8,0,2,1,2,1,2,1,1,0,1,0,1,0,1,0,1,0,1,0,1,0,1,0,1,0,1,0,1,0,1,0,UNCERTAIN,0.8
2510,1,0,2,15,0.13333333333333333,13,0.8666666666666667,0,1,1,0,0,1,1,0,0,0,0,0,0,0,0,0,0,0,0,0,0,0,0,0,0,0,0,0,0,0,0,CONSISTENTLY_WRONG,0.8666666666666667
2512,2,3,2,15,0.13333333333333333,12,0.8,0,1,0,2,1,3,0,3,0,3,0,3,0,3,0,3,0,3,0,3,0,3,0,3,0,3,0,3,0,2,1,CONSISTENTLY_WRONG,0.8
2521,1,3,3,15,0.2,12,0.8,0,1,1,1,1,1,1,3,0,3,0,3,0,3,0,3,0,3,0,3,0,3,0,3,0,3,0,3,0,3,0,UNCERTAIN,0.8
2522,3,0,0,15,0.0,14,0.9333333333333333,0,1,0,0,0,0,0,0,0,0,0,0,0,0,0,0,0,0,0,0,0,0,0,0,0,0,0,0,0,0,0,CONSISTENTLY_WRONG,0.9333333333333333
2526,2,3,2,15,0.13333333333333333,13,0.8666666666666667,0,2,1,2,1,3,0,3,0,3,0,3,0,3,0,3,0,3,0,3,0,3,0,3,0,3,0,3,0,3,0,CONSISTENTLY_WRONG,0.8666666666666667
2533,1,0,0,15,0.0,15,1.0,0,0,0,0,0,0,0,0,0,0,0,0,0,0,0,0,0,0,0,0,0,0,0,0,0,0,0,0,0,0,0,CONSISTENTLY_WRONG,1.0
2534,1,0,3,15,0.2,12,0.8,0,1,1,1,1,1,1,0,0,0,0,0,0,0,0,0,0,0,0,0,0,0,0,0,0,0,0,0,0,0,0,UNCERTAIN,0.8
2542,2,3,1,15,0.06666666666666667,14,0.9333333333333333,0,3,0,3,0,3,0,3,0,3,0,3,0,3,0,3,0,3,0,3,0,3,0,3,0,3,0,2,1,3,0,CONSISTENTLY_WRONG,0.9333333333333333
2545,2,3,0,15,0.0,15,1.0,0,3,0,3,0,3,0,3,0,3,0,3,0,3,0,3,0,3,0,3,0,3,0,3,0,3,0,3,0,3,0,CONSISTENTLY_WRONG,1.0
2548,2,1,2,15,0.13333333333333333,12,0.8,0,2,1,1,0,1,0,2,1,1,0,1,0,1,0,1,0,1,0,1,0,1,0,1,0,1,0,0,0,1,0,CONSISTENTLY_WRONG,0.8
2557,1,3,0,15,0.0,14,0.9333333333333333,0,3,0,3,0,3,0,3,0,3,0,3,0,3,0,3,0,3,0,3,0,3,0,3,0,3,0,3,0,2,0,CONSISTENTLY_WRONG,0.9333333333333333
2562,1,2,1,15,0.06666666666666667,14,0.9333333333333333,0,2,0,1,1,2,0,2,0,2,0,2,0,2,0,2,0,2,0,2,0,2,0,2,0,2,0,2,0,2,0,CONSISTENTLY_WRONG,0.9333333333333333
2565,2,0,2,15,0.13333333333333333,13,0.8666666666666667,0,0,0,0,0,0,0,0,0,0,0,0,0,0,0,0,0,0,0,0,0,0,0,0,0,2,1,2,1,0,0,CONSISTENTLY_WRONG,0.8666666666666667
2590,0,1,0,15,0.0,12,0.8,0,1,0,3,0,3,0,1,0,2,0,1,0,1,0,1,0,1,0,1,0,1,0,1,0,1,0,1,0,1,0,CONSISTENTLY_WRONG,0.8
2591,2,1,0,15,0.0,13,0.8666666666666667,0,3,0,1,0,3,0,1,0,1,0,1,0,1,0,1,0,1,0,1,0,1,0,1,0,1,0,1,0,1,0,CONSISTENTLY_WRONG,0.8666666666666667
2597,1,2,2,15,0.13333333333333333,12,0.8,0,2,0,1,1,2,0,2,0,1,1,0,0,2,0,2,0,2,0,2,0,2,0,2,0,2,0,2,0,2,0,CONSISTENTLY_WRONG,0.8
2606,2,3,2,15,0.13333333333333333,12,0.8,0,3,0,2,1,3,0,3,0,3,0,3,0,3,0,3,0,3,0,1,0,2,1,3,0,3,0,3,0,3,0,CONSISTENTLY_WRONG,0.8
2607,0,3,0,15,0.0,12,0.8,0,2,0,3,0,3,0,3,0,3,0,3,0,3,0,3,0,3,0,3,0,3,0,3,0,3,0,2,0,2,0,CONSISTENTLY_WRONG,0.8
2609,1,0,0,15,0.0,15,1.0,0,0,0,0,0,0,0,0,0,0,0,0,0,0,0,0,0,0,0,0,0,0,0,0,0,0,0,0,0,0,0,CONSISTENTLY_WRONG,1.0
2612,1,2,1,15,0.06666666666666667,14,0.9333333333333333,0,2,0,2,0,2,0,2,0,1,1,2,0,2,0,2,0,2,0,2,0,2,0,2,0,2,0,2,0,2,0,CONSISTENTLY_WRONG,0.9333333333333333
2613,2,1,0,15,0.0,12,0.8,0,1,0,1,0,1,0,1,0,1,0,1,0,1,0,1,0,1,0,0,0,0,0,0,0,1,0,1,0,1,0,CONSISTENTLY_WRONG,0.8
2616,2,3,2,15,0.13333333333333333,13,0.8666666666666667,0,3,0,3,0,3,0,3,0,3,0,3,0,3,0,3,0,3,0,3,0,3,0,3,0,2,1,2,1,3,0,CONSISTENTLY_WRONG,0.8666666666666667
2620,1,0,0,15,0.0,15,1.0,0,0,0,0,0,0,0,0,0,0,0,0,0,0,0,0,0,0,0,0,0,0,0,0,0,0,0,0,0,0,0,CONSISTENTLY_WRONG,1.0
2624,2,1,2,15,0.13333333333333333,13,0.8666666666666667,0,1,0,2,1,1,0,1,0,1,0,1,0,1,0,1,0,1,0,1,0,1,0,2,1,1,0,1,0,1,0,CONSISTENTLY_WRONG,0.8666666666666667
2630,2,3,0,15,0.0,15,1.0,0,3,0,3,0,3,0,3,0,3,0,3,0,3,0,3,0,3,0,3,0,3,0,3,0,3,0,3,0,3,0,CONSISTENTLY_WRONG,1.0
2632,1,0,3,15,0.2,12,0.8,0,1,1,0,0,1,1,1,1,0,0,0,0,0,0,0,0,0,0,0,0,0,0,0,0,0,0,0,0,0,0,UNCERTAIN,0.8
2637,3,0,0,15,0.0,13,0.8666666666666667,0,1,0,1,0,0,0,0,0,0,0,0,0,0,0,0,0,0,0,0,0,0,0,0,0,0,0,0,0,0,0,CONSISTENTLY_WRONG,0.8666666666666667
2639,1,0,0,15,0.0,15,1.0,0,0,0,0,0,0,0,0,0,0,0,0,0,0,0,0,0,0,0,0,0,0,0,0,0,0,0,0,0,0,0,CONSISTENTLY_WRONG,1.0
2643,2,3,0,15,0.0,15,1.0,0,3,0,3,0,3,0,3,0,3,0,3,0,3,0,3,0,3,0,3,0,3,0,3,0,3,0,3,0,3,0,CONSISTENTLY_WRONG,1.0
2647,2,1,2,15,0.13333333333333333,13,0.8666666666666667,0,1,0,1,0,1,0,1,0,2,1,1,0,1,0,1,0,1,0,1,0,1,0,1,0,1,0,2,1,1,0,CONSISTENTLY_WRONG,0.8666666666666667
2650,1,0,0,15,0.0,13,0.8666666666666667,0,0,0,0,0,0,0,0,0,0,0,0,0,0,0,0,0,0,0,0,0,0,0,0,0,2,0,2,0,0,0,CONSISTENTLY_WRONG,0.8666666666666667
2659,3,0,0,15,0.0,13,0.8666666666666667,0,0,0,1,0,1,0,0,0,0,0,0,0,0,0,0,0,0,0,0,0,0,0,0,0,0,0,0,0,0,0,CONSISTENTLY_WRONG,0.8666666666666667
2664,2,3,0,15,0.0,15,1.0,0,3,0,3,0,3,0,3,0,3,0,3,0,3,0,3,0,3,0,3,0,3,0,3,0,3,0,3,0,3,0,CONSISTENTLY_WRONG,1.0
2675,1,0,2,15,0.13333333333333333,13,0.8666666666666667,0,1,1,1,1,0,0,0,0,0,0,0,0,0,0,0,0,0,0,0,0,0,0,0,0,0,0,0,0,0,0,CONSISTENTLY_WRONG,0.8666666666666667
2677,1,0,0,15,0.0,12,0.8,0,2,0,2,0,2,0,0,0,0,0,0,0,0,0,0,0,0,0,0,0,0,0,0,0,0,0,0,0,0,0,CONSISTENTLY_WRONG,0.8
2680,0,2,1,15,0.06666666666666667,13,0.8666666666666667,0,2,0,2,0,2,0,2,0,2,0,0,1,2,0,2,0,2,0,2,0,2,0,2,0,2,0,1,0,2,0,CONSISTENTLY_WRONG,0.8666666666666667
2690,1,2,0,15,0.0,14,0.9333333333333333,0,2,0,2,0,2,0,2,0,2,0,2,0,2,0,2,0,2,0,2,0,2,0,3,0,2,0,2,0,2,0,CONSISTENTLY_WRONG,0.9333333333333333
2695,3,1,1,15,0.06666666666666667,12,0.8,0,2,0,1,0,3,1,2,0,1,0,1,0,1,0,1,0,1,0,1,0,1,0,1,0,1,0,1,0,1,0,CONSISTENTLY_WRONG,0.8
2701,2,0,0,15,0.0,14,0.9333333333333333,0,0,0,1,0,0,0,0,0,0,0,0,0,0,0,0,0,0,0,0,0,0,0,0,0,0,0,0,0,0,0,CONSISTENTLY_WRONG,0.9333333333333333
2704,3,2,0,15,0.0,15,1.0,0,2,0,2,0,2,0,2,0,2,0,2,0,2,0,2,0,2,0,2,0,2,0,2,0,2,0,2,0,2,0,CONSISTENTLY_WRONG,1.0
2707,2,3,1,15,0.06666666666666667,14,0.9333333333333333,0,3,0,3,0,3,0,3,0,3,0,3,0,3,0,3,0,3,0,3,0,3,0,3,0,3,0,3,0,2,1,CONSISTENTLY_WRONG,0.9333333333333333
2715,2,0,0,15,0.0,15,1.0,0,0,0,0,0,0,0,0,0,0,0,0,0,0,0,0,0,0,0,0,0,0,0,0,0,0,0,0,0,0,0,CONSISTENTLY_WRONG,1.0
2716,1,0,3,15,0.2,12,0.8,0,0,0,1,1,0,0,0,0,0,0,0,0,0,0,0,0,0,0,0,0,0,0,0,0,0,0,1,1,1,1,UNCERTAIN,0.8
2719,1,2,0,15,0.0,15,1.0,0,2,0,2,0,2,0,2,0,2,0,2,0,2,0,2,0,2,0,2,0,2,0,2,0,2,0,2,0,2,0,CONSISTENTLY_WRONG,1.0
2735,0,1,2,15,0.13333333333333333,12,0.8,0,2,0,0,1,1,0,1,0,1,0,1,0,1,0,1,0,1,0,1,0,1,0,1,0,1,0,0,1,1,0,CONSISTENTLY_WRONG,0.8
2738,2,3,0,15,0.0,15,1.0,0,3,0,3,0,3,0,3,0,3,0,3,0,3,0,3,0,3,0,3,0,3,0,3,0,3,0,3,0,3,0,CONSISTENTLY_WRONG,1.0
2749,2,3,0,15,0.0,15,1.0,0,3,0,3,0,3,0,3,0,3,0,3,0,3,0,3,0,3,0,3,0,3,0,3,0,3,0,3,0,3,0,CONSISTENTLY_WRONG,1.0
2750,2,1,0,15,0.0,15,1.0,0,1,0,1,0,1,0,1,0,1,0,1,0,1,0,1,0,1,0,1,0,1,0,1,0,1,0,1,0,1,0,CONSISTENTLY_WRONG,1.0
2758,2,1,0,15,0.0,14,0.9333333333333333,0,1,0,1,0,1,0,1,0,1,0,1,0,1,0,1,0,1,0,1,0,1,0,1,0,1,0,0,0,1,0,CONSISTENTLY_WRONG,0.9333333333333333
2760,2,0,0,15,0.0,14,0.9333333333333333,0,0,0,0,0,1,0,0,0,0,0,0,0,0,0,0,0,0,0,0,0,0,0,0,0,0,0,0,0,0,0,CONSISTENTLY_WRONG,0.9333333333333333
2771,2,3,0,15,0.0,15,1.0,0,3,0,3,0,3,0,3,0,3,0,3,0,3,0,3,0,3,0,3,0,3,0,3,0,3,0,3,0,3,0,CONSISTENTLY_WRONG,1.0
2775,3,0,0,15,0.0,14,0.9333333333333333,0,0,0,0,0,0,0,0,0,0,0,0,0,0,0,0,0,0,0,0,0,0,0,0,0,0,0,1,0,0,0,CONSISTENTLY_WRONG,0.9333333333333333
2788,1,3,0,15,0.0,13,0.8666666666666667,0,3,0,3,0,3,0,3,0,3,0,3,0,3,0,2,0,3,0,3,0,2,0,3,0,3,0,3,0,3,0,CONSISTENTLY_WRONG,0.8666666666666667
2792,1,2,0,15,0.0,12,0.8,0,2,0,2,0,2,0,2,0,2,0,2,0,2,0,2,0,2,0,2,0,2,0,2,0,3,0,3,0,3,0,CONSISTENTLY_WRONG,0.8
2794,1,2,0,15,0.0,15,1.0,0,2,0,2,0,2,0,2,0,2,0,2,0,2,0,2,0,2,0,2,0,2,0,2,0,2,0,2,0,2,0,CONSISTENTLY_WRONG,1.0
2798,3,2,2,15,0.13333333333333333,13,0.8666666666666667,0,2,0,2,0,2,0,2,0,2,0,2,0,2,0,2,0,2,0,3,1,2,0,3,1,2,0,2,0,2,0,CONSISTENTLY_WRONG,0.8666666666666667
2804,1,0,2,15,0.13333333333333333,13,0.8666666666666667,0,1,1,0,0,1,1,0,0,0,0,0,0,0,0,0,0,0,0,0,0,0,0,0,0,0,0,0,0,0,0,CONSISTENTLY_WRONG,0.8666666666666667
2811,2,3,3,15,0.2,12,0.8,0,3,0,3,0,3,0,3,0,3,0,3,0,3,0,3,0,3,0,3,0,3,0,2,1,2,1,3,0,2,1,UNCERTAIN,0.8
2819,0,1,1,15,0.06666666666666667,14,0.9333333333333333,0,1,0,0,1,1,0,1,0,1,0,1,0,1,0,1,0,1,0,1,0,1,0,1,0,1,0,1,0,1,0,CONSISTENTLY_WRONG,0.9333333333333333
2824,1,0,3,15,0.2,12,0.8,0,1,1,1,1,1,1,0,0,0,0,0,0,0,0,0,0,0,0,0,0,0,0,0,0,0,0,0,0,0,0,UNCERTAIN,0.8
2852,2,1,0,15,0.0,13,0.8666666666666667,0,0,0,1,0,0,0,1,0,1,0,1,0,1,0,1,0,1,0,1,0,1,0,1,0,1,0,1,0,1,0,CONSISTENTLY_WRONG,0.8666666666666667
2858,3,2,3,15,0.2,12,0.8,0,2,0,2,0,2,0,2,0,2,0,2,0,2,0,2,0,2,0,3,1,3,1,3,1,2,0,2,0,2,0,UNCERTAIN,0.8
2859,1,0,0,15,0.0,15,1.0,0,0,0,0,0,0,0,0,0,0,0,0,0,0,0,0,0,0,0,0,0,0,0,0,0,0,0,0,0,0,0,CONSISTENTLY_WRONG,1.0
2865,1,2,1,15,0.06666666666666667,12,0.8,0,2,0,2,0,3,0,2,0,2,0,2,0,2,0,2,0,2,0,2,0,2,0,2,0,0,0,1,1,2,0,CONSISTENTLY_WRONG,0.8
2870,1,3,0,15,0.0,15,1.0,0,3,0,3,0,3,0,3,0,3,0,3,0,3,0,3,0,3,0,3,0,3,0,3,0,3,0,3,0,3,0,CONSISTENTLY_WRONG,1.0
2876,2,3,1,15,0.06666666666666667,12,0.8,0,3,0,3,0,3,0,1,0,3,0,2,1,3,0,3,0,3,0,3,0,3,0,3,0,3,0,3,0,0,0,CONSISTENTLY_WRONG,0.8
2878,2,0,0,15,0.0,15,1.0,0,0,0,0,0,0,0,0,0,0,0,0,0,0,0,0,0,0,0,0,0,0,0,0,0,0,0,0,0,0,0,CONSISTENTLY_WRONG,1.0
2881,1,0,0,15,0.0,15,1.0,0,0,0,0,0,0,0,0,0,0,0,0,0,0,0,0,0,0,0,0,0,0,0,0,0,0,0,0,0,0,0,CONSISTENTLY_WRONG,1.0
2886,2,1,0,15,0.0,12,0.8,0,0,0,0,0,0,0,1,0,1,0,1,0,1,0,1,0,1,0,1,0,1,0,1,0,1,0,1,0,1,0,CONSISTENTLY_WRONG,0.8
2894,2,0,0,15,0.0,12,0.8,0,1,0,1,0,1,0,0,0,0,0,0,0,0,0,0,0,0,0,0,0,0,0,0,0,0,0,0,0,0,0,CONSISTENTLY_WRONG,0.8
2899,3,2,0,15,0.0,14,0.9333333333333333,0,2,0,2,0,2,0,2,0,2,0,2,0,2,0,2,0,1,0,2,0,2,0,2,0,2,0,2,0,2,0,CONSISTENTLY_WRONG,0.9333333333333333
2919,0,1,0,15,0.0,12,0.8,0,1,0,1,0,1,0,1,0,1,0,1,0,2,0,1,0,2,0,1,0,1,0,1,0,1,0,2,0,1,0,CONSISTENTLY_WRONG,0.8
2924,2,0,0,15,0.0,12,0.8,0,1,0,0,0,0,0,1,0,0,0,0,0,0,0,0,0,0,0,0,0,0,0,0,0,1,0,0,0,0,0,CONSISTENTLY_WRONG,0.8
2925,1,2,1,15,0.06666666666666667,12,0.8,0,2,0,2,0,2,0,2,0,2,0,2,0,3,0,2,0,2,0,3,0,2,0,2,0,2,0,1,1,2,0,CONSISTENTLY_WRONG,0.8
2926,2,3,2,15,0.13333333333333333,13,0.8666666666666667,0,3,0,3,0,3,0,3,0,2,1,2,1,3,0,3,0,3,0,3,0,3,0,3,0,3,0,3,0,3,0,CONSISTENTLY_WRONG,0.8666666666666667
2933,0,2,0,15,0.0,13,0.8666666666666667,0,2,0,1,0,1,0,2,0,2,0,2,0,2,0,2,0,2,0,2,0,2,0,2,0,2,0,2,0,2,0,CONSISTENTLY_WRONG,0.8666666666666667
2934,3,2,1,15,0.06666666666666667,14,0.9333333333333333,0,2,0,3,1,2,0,2,0,2,0,2,0,2,0,2,0,2,0,2,0,2,0,2,0,2,0,2,0,2,0,CONSISTENTLY_WRONG,0.9333333333333333
2935,1,3,0,15,0.0,15,1.0,0,3,0,3,0,3,0,3,0,3,0,3,0,3,0,3,0,3,0,3,0,3,0,3,0,3,0,3,0,3,0,CONSISTENTLY_WRONG,1.0
2937,3,1,0,15,0.0,15,1.0,0,1,0,1,0,1,0,1,0,1,0,1,0,1,0,1,0,1,0,1,0,1,0,1,0,1,0,1,0,1,0,CONSISTENTLY_WRONG,1.0
2940,3,1,0,15,0.0,13,0.8666666666666667,0,2,0,1,0,2,0,1,0,1,0,1,0,1,0,1,0,1,0,1,0,1,0,1,0,1,0,1,0,1,0,CONSISTENTLY_WRONG,0.8666666666666667
2942,3,2,0,15,0.0,14,0.9333333333333333,0,0,0,2,0,2,0,2,0,2,0,2,0,2,0,2,0,2,0,2,0,2,0,2,0,2,0,2,0,2,0,CONSISTENTLY_WRONG,0.9333333333333333
2946,2,1,0,15,0.0,15,1.0,0,1,0,1,0,1,0,1,0,1,0,1,0,1,0,1,0,1,0,1,0,1,0,1,0,1,0,1,0,1,0,CONSISTENTLY_WRONG,1.0
2953,1,0,2,15,0.13333333333333333,13,0.8666666666666667,0,0,0,0,0,1,1,0,0,0,0,0,0,0,0,0,0,0,0,0,0,0,0,0,0,0,0,0,0,1,1,CONSISTENTLY_WRONG,0.8666666666666667
2960,2,3,0,15,0.0,15,1.0,0,3,0,3,0,3,0,3,0,3,0,3,0,3,0,3,0,3,0,3,0,3,0,3,0,3,0,3,0,3,0,CONSISTENTLY_WRONG,1.0
2963,3,1,0,15,0.0,14,0.9333333333333333,0,1,0,1,0,1,0,1,0,1,0,2,0,1,0,1,0,1,0,1,0,1,0,1,0,1,0,1,0,1,0,CONSISTENTLY_WRONG,0.9333333333333333
2964,2,3,1,15,0.06666666666666667,14,0.9333333333333333,0,3,0,3,0,3,0,3,0,3,0,3,0,3,0,3,0,3,0,3,0,3,0,3,0,3,0,2,1,3,0,CONSISTENTLY_WRONG,0.9333333333333333
2967,1,3,0,15,0.0,12,0.8,0,2,0,2,0,2,0,3,0,3,0,3,0,3,0,3,0,3,0,3,0,3,0,3,0,3,0,3,0,3,0,CONSISTENTLY_WRONG,0.8
2972,1,3,0,15,0.0,15,1.0,0,3,0,3,0,3,0,3,0,3,0,3,0,3,0,3,0,3,0,3,0,3,0,3,0,3,0,3,0,3,0,CONSISTENTLY_WRONG,1.0
2973,1,2,0,15,0.0,13,0.8666666666666667,0,2,0,2,0,2,0,2,0,2,0,2,0,2,0,2,0,2,0,2,0,3,0,3,0,2,0,2,0,2,0,CONSISTENTLY_WRONG,0.8666666666666667
2978,1,0,0,15,0.0,15,1.0,0,0,0,0,0,0,0,0,0,0,0,0,0,0,0,0,0,0,0,0,0,0,0,0,0,0,0,0,0,0,0,CONSISTENTLY_WRONG,1.0
2979,2,3,3,15,0.2,12,0.8,0,2,1,2,1,2,1,3,0,3,0,3,0,3,0,3,0,3,0,3,0,3,0,3,0,3,0,3,0,3,0,UNCERTAIN,0.8
2994,2,3,1,15,0.06666666666666667,14,0.9333333333333333,0,3,0,3,0,3,0,3,0,3,0,3,0,3,0,3,0,3,0,3,0,3,0,3,0,3,0,3,0,2,1,CONSISTENTLY_WRONG,0.9333333333333333
2997,2,1,0,15,0.0,14,0.9333333333333333,0,0,0,1,0,1,0,1,0,1,0,1,0,1,0,1,0,1,0,1,0,1,0,1,0,1,0,1,0,1,0,CONSISTENTLY_WRONG,0.9333333333333333
3000,1,0,0,15,0.0,15,1.0,0,0,0,0,0,0,0,0,0,0,0,0,0,0,0,0,0,0,0,0,0,0,0,0,0,0,0,0,0,0,0,CONSISTENTLY_WRONG,1.0
3007,0,1,0,15,0.0,12,0.8,0,1,0,1,0,1,0,1,0,1,0,2,0,1,0,1,0,1,0,1,0,1,0,1,0,2,0,1,0,2,0,CONSISTENTLY_WRONG,0.8
3015,0,3,0,15,0.0,15,1.0,0,3,0,3,0,3,0,3,0,3,0,3,0,3,0,3,0,3,0,3,0,3,0,3,0,3,0,3,0,3,0,CONSISTENTLY_WRONG,1.0
3019,2,3,0,15,0.0,15,1.0,0,3,0,3,0,3,0,3,0,3,0,3,0,3,0,3,0,3,0,3,0,3,0,3,0,3,0,3,0,3,0,CONSISTENTLY_WRONG,1.0
3026,2,1,2,15,0.13333333333333333,12,0.8,0,2,1,3,0,2,1,1,0,1,0,1,0,1,0,1,0,1,0,1,0,1,0,1,0,1,0,1,0,1,0,CONSISTENTLY_WRONG,0.8
3027,1,0,2,15,0.13333333333333333,13,0.8666666666666667,0,0,0,1,1,1,1,0,0,0,0,0,0,0,0,0,0,0,0,0,0,0,0,0,0,0,0,0,0,0,0,CONSISTENTLY_WRONG,0.8666666666666667
3029,1,0,0,15,0.0,15,1.0,0,0,0,0,0,0,0,0,0,0,0,0,0,0,0,0,0,0,0,0,0,0,0,0,0,0,0,0,0,0,0,CONSISTENTLY_WRONG,1.0
3031,1,0,0,15,0.0,14,0.9333333333333333,0,0,0,2,0,0,0,0,0,0,0,0,0,0,0,0,0,0,0,0,0,0,0,0,0,0,0,0,0,0,0,CONSISTENTLY_WRONG,0.9333333333333333
3034,3,2,0,15,0.0,12,0.8,0,2,0,2,0,2,0,2,0,2,0,1,0,2,0,2,0,2,0,2,0,2,0,2,0,1,0,2,0,1,0,CONSISTENTLY_WRONG,0.8
3045,0,1,1,15,0.06666666666666667,12,0.8,0,1,0,2,0,2,0,1,0,1,0,1,0,1,0,1,0,1,0,1,0,1,0,0,1,1,0,1,0,1,0,CONSISTENTLY_WRONG,0.8
3051,2,3,1,15,0.06666666666666667,14,0.9333333333333333,0,3,0,3,0,3,0,3,0,3,0,3,0,3,0,3,0,3,0,3,0,3,0,3,0,2,1,3,0,3,0,CONSISTENTLY_WRONG,0.9333333333333333
3058,2,3,0,15,0.0,14,0.9333333333333333,0,3,0,3,0,1,0,3,0,3,0,3,0,3,0,3,0,3,0,3,0,3,0,3,0,3,0,3,0,3,0,CONSISTENTLY_WRONG,0.9333333333333333
3059,1,3,0,15,0.0,15,1.0,0,3,0,3,0,3,0,3,0,3,0,3,0,3,0,3,0,3,0,3,0,3,0,3,0,3,0,3,0,3,0,CONSISTENTLY_WRONG,1.0
3060,1,2,0,15,0.0,14,0.9333333333333333,0,2,0,2,0,2,0,2,0,2,0,2,0,2,0,2,0,2,0,3,0,2,0,2,0,2,0,2,0,2,0,CONSISTENTLY_WRONG,0.9333333333333333
3064,1,2,1,15,0.06666666666666667,14,0.9333333333333333,0,2,0,2,0,2,0,2,0,2,0,2,0,2,0,2,0,2,0,1,1,2,0,2,0,2,0,2,0,2,0,CONSISTENTLY_WRONG,0.9333333333333333
3078,0,1,1,15,0.06666666666666667,14,0.9333333333333333,0,1,0,1,0,0,1,1,0,1,0,1,0,1,0,1,0,1,0,1,0,1,0,1,0,1,0,1,0,1,0,CONSISTENTLY_WRONG,0.9333333333333333
3081,2,0,0,15,0.0,14,0.9333333333333333,0,0,0,0,0,0,0,0,0,0,0,0,0,0,0,0,0,0,0,0,0,0,0,0,0,0,0,0,0,1,0,CONSISTENTLY_WRONG,0.9333333333333333
3083,2,1,2,15,0.13333333333333333,13,0.8666666666666667,0,1,0,1,0,1,0,1,0,1,0,1,0,1,0,1,0,1,0,1,0,1,0,1,0,2,1,2,1,1,0,CONSISTENTLY_WRONG,0.8666666666666667
3087,1,0,3,15,0.2,12,0.8,0,0,0,0,0,0,0,0,0,1,1,0,0,0,0,1,1,0,0,0,0,1,1,0,0,0,0,0,0,0,0,UNCERTAIN,0.8
3099,1,0,3,15,0.2,12,0.8,0,0,0,0,0,0,0,1,1,0,0,0,0,0,0,0,0,0,0,0,0,0,0,0,0,1,1,1,1,0,0,UNCERTAIN,0.8
3100,0,2,0,15,0.0,13,0.8666666666666667,0,1,0,2,0,1,0,2,0,2,0,2,0,2,0,2,0,2,0,2,0,2,0,2,0,2,0,2,0,2,0,CONSISTENTLY_WRONG,0.8666666666666667
3110,1,0,2,15,0.13333333333333333,13,0.8666666666666667,0,1,1,1,1,0,0,0,0,0,0,0,0,0,0,0,0,0,0,0,0,0,0,0,0,0,0,0,0,0,0,CONSISTENTLY_WRONG,0.8666666666666667
3111,2,3,1,15,0.06666666666666667,12,0.8,0,3,0,3,0,3,0,3,0,3,0,3,0,3,0,3,0,3,0,3,0,3,0,3,0,1,0,2,1,1,0,CONSISTENTLY_WRONG,0.8
3112,2,3,0,15,0.0,15,1.0,0,3,0,3,0,3,0,3,0,3,0,3,0,3,0,3,0,3,0,3,0,3,0,3,0,3,0,3,0,3,0,CONSISTENTLY_WRONG,1.0
3114,0,1,0,15,0.0,13,0.8666666666666667,0,1,0,1,0,1,0,1,0,2,0,1,0,1,0,1,0,1,0,1,0,1,0,1,0,1,0,2,0,1,0,CONSISTENTLY_WRONG,0.8666666666666667
3119,2,3,1,15,0.06666666666666667,14,0.9333333333333333,0,3,0,3,0,3,0,3,0,3,0,3,0,3,0,3,0,3,0,3,0,3,0,3,0,2,1,3,0,3,0,CONSISTENTLY_WRONG,0.9333333333333333
3120,2,3,0,15,0.0,14,0.9333333333333333,0,3,0,3,0,0,0,3,0,3,0,3,0,3,0,3,0,3,0,3,0,3,0,3,0,3,0,3,0,3,0,CONSISTENTLY_WRONG,0.9333333333333333
3126,2,3,0,15,0.0,13,0.8666666666666667,0,3,0,1,0,3,0,3,0,3,0,3,0,3,0,3,0,3,0,3,0,3,0,3,0,3,0,1,0,3,0,CONSISTENTLY_WRONG,0.8666666666666667
3129,2,0,0,15,0.0,13,0.8666666666666667,0,0,0,0,0,0,0,0,0,0,0,0,0,0,0,0,0,0,0,0,0,0,0,0,0,0,0,1,0,1,0,CONSISTENTLY_WRONG,0.8666666666666667
3133,1,0,1,15,0.06666666666666667,14,0.9333333333333333,0,0,0,0,0,0,0,0,0,0,0,1,1,0,0,0,0,0,0,0,0,0,0,0,0,0,0,0,0,0,0,CONSISTENTLY_WRONG,0.9333333333333333
3134,2,1,0,15,0.0,15,1.0,0,1,0,1,0,1,0,1,0,1,0,1,0,1,0,1,0,1,0,1,0,1,0,1,0,1,0,1,0,1,0,CONSISTENTLY_WRONG,1.0
3136,1,0,3,15,0.2,12,0.8,0,1,1,1,1,1,1,0,0,0,0,0,0,0,0,0,0,0,0,0,0,0,0,0,0,0,0,0,0,0,0,UNCERTAIN,0.8
3144,2,0,1,15,0.06666666666666667,12,0.8,0,0,0,2,1,1,0,0,0,0,0,0,0,0,0,0,0,0,0,0,0,0,0,0,0,1,0,0,0,0,0,CONSISTENTLY_WRONG,0.8
3149,1,0,0,15,0.0,15,1.0,0,0,0,0,0,0,0,0,0,0,0,0,0,0,0,0,0,0,0,0,0,0,0,0,0,0,0,0,0,0,0,CONSISTENTLY_WRONG,1.0
3155,1,0,0,15,0.0,15,1.0,0,0,0,0,0,0,0,0,0,0,0,0,0,0,0,0,0,0,0,0,0,0,0,0,0,0,0,0,0,0,0,CONSISTENTLY_WRONG,1.0
3157,2,0,1,15,0.06666666666666667,12,0.8,0,0,0,0,0,0,0,0,0,0,0,0,0,0,0,0,0,0,0,0,0,0,0,0,0,1,0,1,0,2,1,CONSISTENTLY_WRONG,0.8
3158,1,0,0,15,0.0,15,1.0,0,0,0,0,0,0,0,0,0,0,0,0,0,0,0,0,0,0,0,0,0,0,0,0,0,0,0,0,0,0,0,CONSISTENTLY_WRONG,1.0
3160,3,1,0,15,0.0,13,0.8666666666666667,0,1,0,1,0,1,0,1,0,1,0,1,0,1,0,1,0,1,0,1,0,1,0,1,0,2,0,1,0,2,0,CONSISTENTLY_WRONG,0.8666666666666667
3165,1,2,0,15,0.0,13,0.8666666666666667,0,2,0,2,0,2,0,2,0,2,0,2,0,2,0,2,0,3,0,2,0,2,0,3,0,2,0,2,0,2,0,CONSISTENTLY_WRONG,0.8666666666666667
3166,1,3,0,15,0.0,14,0.9333333333333333,0,3,0,3,0,3,0,3,0,3,0,3,0,3,0,3,0,3,0,3,0,3,0,3,0,2,0,3,0,3,0,CONSISTENTLY_WRONG,0.9333333333333333
3173,1,0,0,15,0.0,15,1.0,0,0,0,0,0,0,0,0,0,0,0,0,0,0,0,0,0,0,0,0,0,0,0,0,0,0,0,0,0,0,0,CONSISTENTLY_WRONG,1.0
3179,1,3,0,15,0.0,13,0.8666666666666667,0,3,0,3,0,3,0,3,0,3,0,3,0,3,0,3,0,2,0,3,0,3,0,2,0,3,0,3,0,3,0,CONSISTENTLY_WRONG,0.8666666666666667
3184,2,1,0,15,0.0,14,0.9333333333333333,0,1,0,1,0,1,0,1,0,1,0,1,0,1,0,1,0,1,0,1,0,0,0,1,0,1,0,1,0,1,0,CONSISTENTLY_WRONG,0.9333333333333333
3193,2,3,0,15,0.0,15,1.0,0,3,0,3,0,3,0,3,0,3,0,3,0,3,0,3,0,3,0,3,0,3,0,3,0,3,0,3,0,3,0,CONSISTENTLY_WRONG,1.0
3195,2,0,1,15,0.06666666666666667,13,0.8666666666666667,0,0,0,0,0,0,0,0,0,0,0,0,0,1,0,0,0,0,0,0,0,0,0,0,0,0,0,2,1,0,0,CONSISTENTLY_WRONG,0.8666666666666667
3196,1,0,0,15,0.0,15,1.0,0,0,0,0,0,0,0,0,0,0,0,0,0,0,0,0,0,0,0,0,0,0,0,0,0,0,0,0,0,0,0,CONSISTENTLY_WRONG,1.0
3197,1,0,1,15,0.06666666666666667,14,0.9333333333333333,0,0,0,0,0,0,0,0,0,0,0,0,0,0,0,0,0,0,0,0,0,0,0,0,0,0,0,1,1,0,0,CONSISTENTLY_WRONG,0.9333333333333333
